1,"Абланица"
2,"Аврамово"
3,"Бабяк"
4,"Балдево"
5,"Баничан"
6,"Банско"
7,"Баня"
8,"Баскалци"
9,"Бачево"
10,"Бел камен"
11,"Беласица"
12,"Белевехчево"
13,"Белица"
14,"Бело поле"
15,"Бельово"
16,"Беслен"
17,"Бистрица"
18,"Благоевград"
19,"Блатска"
20,"Боголин"
21,"Богородица"
22,"Бождово"
23,"Боровичене"
24,"Борово"
25,"Брежани"
26,"Брезница"
27,"Брестово"
28,"Будилци"
29,"Буково"
30,"Бунцево"
31,"Бучино"
32,"Българчево"
33,"Ваклиново"
34,"Велющец"
35,"Виногради"
36,"Вихрен"
37,"Вишлене"
38,"Влахи"
39,"Волно"
40,"Вракуповица"
41,"Враня"
42,"Вълково"
43,"Вълкосел"
44,"Върхари"
45,"Габрене"
46,"Габрово"
47,"Гайтаниново"
48,"Гега"
49,"Генерал Тодоров"
50,"Годешево"
51,"Годлево"
52,"Голем Цалим"
53,"Голешово"
54,"Гореме"
55,"Горна Брезница"
56,"Горна Крушица"
57,"Горна Рибница"
58,"Горна Сушица"
59,"Горно Драглище"
60,"Горно Дряново"
61,"Горно Краище"
62,"Горно Осеново"
63,"Горно Спанчево"
64,"Горно Хърсово"
65,"Горчево"
66,"Господинци"
67,"Гостун"
68,"Гоце Делчев"
69,"Градево"
70,"Гълъбово"
71,"Гърмен"
72,"Гюргево"
73,"Дагоново"
74,"Дамяница"
75,"Дебочица"
76,"Дебрен"
77,"Дебрене"
78,"Делвино"
79,"Делчево"
80,"Джигурово"
81,"Добри лаки"
82,"Добринище"
83,"Добротино"
84,"Добърско"
85,"Докатичево"
86,"Долен"
87,"Долене"
88,"Долени"
89,"Долна Градешница"
90,"Долна Крушица"
91,"Долна Рибница"
92,"Долно Драглище"
93,"Долно Дряново"
94,"Долно Осеново"
95,"Долно Спанчево"
96,"Драгостин"
97,"Драгуш"
98,"Драката"
99,"Дрангово"
100,"Дренково"
101,"Дреновица"
102,"Дреново"
103,"Дъбница"
104,"Дъбрава"
105,"Езерец"
106,"Еленово"
107,"Елешница"
108,"Железница"
109,"Жижево"
110,"Занога"
111,"Зелендол"
112,"Златарица"
113,"Златолист"
114,"Зойчене"
115,"Зорница"
116,"Иваново"
117,"Игралище"
118,"Изгрев"
119,"Илинден"
120,"Илинденци"
121,"Кавракирово"
122,"Калиманци"
123,"Камена"
124,"Каменица"
125,"Капатово"
126,"Катунци"
127,"Кашина"
128,"Кладенци"
129,"Клепало"
130,"Клисура"
131,"Ключ"
132,"Ковачевица"
133,"Ковачево"
134,"Коларово"
135,"Колибите"
136,"Конарско"
137,"Копривлен"
138,"Корница"
139,"Кочан"
140,"Краище"
141,"Кремен"
142,"Кресна"
143,"Крибул"
144,"Кромидово"
145,"Крупник"
146,"Крушево"
147,"Крънджилица"
148,"Кръстилци"
149,"Кузьово"
150,"Кукурахцево"
151,"Кулата"
152,"Кърланово"
153,"Кърналово"
154,"Кърпелево"
155,"Ладарево"
156,"Ласкарево"
157,"Лебница"
158,"Левуново"
159,"Лехово"
160,"Лешко"
161,"Лешница"
162,"Лещен"
163,"Лиляново"
164,"Лисия"
165,"Логодаж"
166,"Лозеница"
167,"Лъжница"
168,"Лъки"
169,"Любовище"
170,"Любовка"
171,"Лютово"
172,"Малки Цалим"
173,"Марикостиново"
174,"Марино поле"
175,"Марулево"
176,"Марчево"
177,"Махалата"
178,"Мелник"
179,"Мендово"
180,"Места"
181,"Мечкул"
182,"Микрево"
183,"Митино"
184,"Михнево"
185,"Мощанец"
186,"Мусомища"
187,"Никудин"
188,"Нова Ловча"
189,"Ново Делчево"
190,"Ново Кономлади"
191,"Ново Лески"
192,"Ново село"
193,"Ново Ходжово"
194,"Обел"
195,"Обидим"
196,"Огняново"
197,"Ореше"
198,"Орцево"
199,"Осеново"
200,"Осиково"
201,"Осина"
202,"Ощава"
203,"Падеш"
204,"Палат"
205,"Палатник"
206,"Парил"
207,"Петрелик"
208,"Петрич"
209,"Петрово"
210,"Пиперица"
211,"Пирин"
212,"Плетена"
213,"Плоски"
214,"Покровник"
215,"Полена"
216,"Поленица"
217,"Полето"
218,"Право бърдо"
219,"Първомай"
220,"Раздол"
221,"Разлог"
222,"Ракитна"
223,"Рибник"
224,"Рибново"
225,"Рилци"
226,"Рожен"
227,"Рупите"
228,"Ръждак"
229,"Садово"
230,"Самуилова крепост"
231,"Самуилово"
232,"Сандански"
233,"Сатовча"
234,"Седелец"
235,"Селище"
236,"Сенокос"
237,"Симитли"
238,"Склаве"
239,"Скребатно"
240,"Скрът"
241,"Слащен"
242,"Сливница"
243,"Смолево"
244,"Спатово"
245,"Средна"
246,"Стара Кресна"
247,"Старчево"
248,"Стожа"
249,"Струма"
250,"Струмешница"
251,"Струмяни"
252,"Сугарево"
253,"Сухострел"
254,"Сушица"
255,"Теплен"
256,"Тешово"
257,"Тонско дабе"
258,"Тополница"
259,"Тросково"
260,"Туховища"
261,"Филипово"
262,"Фъргово"
263,"Хаджидимово"
264,"Хвостяне"
265,"Хотово"
266,"Храсна"
267,"Хърсово"
268,"Цапарево"
269,"Церово"
270,"Черешница"
271,"Черешово"
272,"Черна Места"
273,"Черниче"
274,"Чурилово"
275,"Чуричени"
276,"Чучулигово"
277,"Юруково"
278,"Яворница"
279,"Яково"
280,"Якоруда"
281,"Яново"
282,"Айтос"
283,"Александрово"
284,"Аспарухово"
285,"Атия"
286,"Ахелой"
287,"Ахтопол"
288,"Балабанчево"
289,"Банево"
290,"Баня"
291,"Бата"
292,"Белеврен"
293,"Белила"
294,"Белодол"
295,"Бероново"
296,"Билка"
297,"Бистрец"
298,"Близнак"
299,"Богданово"
300,"Босилково"
301,"Братово"
302,"Бродилово"
303,"Бръшлян"
304,"Брястовец"
305,"Бургас"
306,"Българи"
307,"Българово"
308,"Бяла вода"
309,"Варвара"
310,"Варовник"
311,"Ведрово"
312,"Везенково"
313,"Велика"
314,"Велислав"
315,"Венец"
316,"Веселие"
317,"Ветрен"
318,"Визица"
319,"Винарско"
320,"Вишна"
321,"Вратица"
322,"Вресово"
323,"Вълчаново"
324,"Вълчин"
325,"Вършило"
326,"Габерово"
327,"Габър"
328,"Глумче"
329,"Голямо Буково"
330,"Горица"
331,"Горно Ябълково"
332,"Горово"
333,"Граматиково"
334,"Гранитец"
335,"Граничар"
336,"Грозден"
337,"Гълъбец"
338,"Гюльовца"
339,"Дебелт"
340,"Деветак"
341,"Деветинци"
342,"Детелина"
343,"Димчево"
344,"Добра поляна"
345,"Добриново"
346,"Добромир"
347,"Долно Ябълково"
348,"Драганово"
349,"Драганци"
350,"Драгово"
351,"Драка"
352,"Драчево"
353,"Дропла"
354,"Дрянковец"
355,"Дъбник"
356,"Дъбовица"
357,"Дъскотна"
358,"Дюлево"
359,"Дюля"
360,"Евренозово"
361,"Екзарх Антимово"
362,"Емона"
363,"Есен"
364,"Железник"
365,"Желязово"
366,"Житосвят"
367,"Заберново"
368,"Завет"
369,"Загорци"
370,"Заимчево"
371,"Зайчар"
372,"Звезда"
373,"Звездец"
374,"Зетьово"
375,"Зидарово"
376,"Зимен"
377,"Зорница"
378,"Извор"
379,"Изворище"
380,"Изгрев"
381,"Индже войвода"
382,"Искра"
383,"Каблешково"
384,"Калово"
385,"Каменар"
386,"Камено"
387,"Каменско"
388,"Каменяк"
389,"Камчия"
390,"Каравельово"
391,"Карагеоргиево"
392,"Караново"
393,"Карнобат"
394,"Кирово"
395,"Китен"
396,"Китка"
397,"Кликач"
398,"Климаш"
399,"Козаре"
400,"Козичино"
401,"Козница"
402,"Кондолово"
403,"Константиново"
404,"Косовец"
405,"Костен"
406,"Кости"
407,"Кошарица"
408,"Крумово градище"
409,"Крушевец"
410,"Крушово"
411,"Кръстина"
412,"Кубадин"
413,"Ливада"
414,"Листец"
415,"Лозарево"
416,"Лозенец"
417,"Лозица"
418,"Лъка"
419,"Люляково"
420,"Лясково"
421,"Малина"
422,"Малка поляна"
423,"Малко Търново"
424,"Манолич"
425,"Маринка"
426,"Медово"
427,"Миролюбово"
428,"Младежко"
429,"Момина църква"
430,"Мрежичко"
431,"Мъглен"
432,"Мъдрино"
433,"Невестино"
434,"Несебър"
435,"Ново Паничарево"
436,"Обзор"
437,"Огнен"
438,"Оризаре"
439,"Орлинци"
440,"Паницово"
441,"Пещерско"
442,"Пирне"
443,"Писменово"
444,"Планиница"
445,"Подвис"
446,"Подгорец"
447,"Полски извор"
448,"Поляново"
449,"Поморие"
450,"Порой"
451,"Преображенци"
452,"Прилеп"
453,"Приморско"
454,"Припек"
455,"Присад"
456,"Приселци"
457,"Просеник"
458,"Проход"
459,"Пчелин"
460,"Пънчево"
461,"Равадиново"
462,"Равда"
463,"Равна гора"
464,"Равнец"
465,"Радойново"
466,"Разбойна"
467,"Раклиново"
468,"Раклица"
469,"Раковсково"
470,"Резово"
471,"Речица"
472,"Рожден"
473,"Росен"
474,"Росеново"
475,"Рудина"
476,"Рудник"
477,"Руен"
478,"Рупча"
479,"Русокастро"
480,"Ръжица"
481,"Садово"
482,"Сан-Стефано"
483,"Свети Влас"
484,"Светлина"
485,"Свобода"
486,"Сигмен"
487,"Синеморец"
488,"Сини рид"
489,"Синьо Камене"
490,"Скала"
491,"Скалак"
492,"Славянци"
493,"Сливарово"
494,"Сливово"
495,"Смолник"
496,"Снежа"
497,"Снягово"
498,"Созопол"
499,"Соколец"
500,"Соколово"
501,"Средец"
502,"Средна махала"
503,"Стоилово"
504,"Страцин"
505,"Струя"
506,"Сунгурларе"
507,"Суходол"
508,"Съдиево"
509,"Съединение"
510,"Сърнево"
511,"Твърдица"
512,"Терзийско"
513,"Тополица"
514,"Топчийско"
515,"Тракийци"
516,"Трояново"
517,"Трънак"
518,"Тръстиково"
519,"Тънково"
520,"Фазаново"
521,"Факия"
522,"Хаджиите"
523,"Царево"
524,"Церковски"
525,"Череша"
526,"Черково"
527,"Черна могила"
528,"Черни връх"
529,"Черница"
530,"Черно море"
531,"Черноград"
532,"Черноморец"
533,"Чубра"
534,"Чукарка"
535,"Шиварово"
536,"Ябълчево"
537,"Ясеново"
538,"Ясна поляна"
539,"Аврен"
540,"Аксаково"
541,"Арковна"
542,"Аспарухово"
543,"Баново"
544,"Белоградец"
545,"Белослав"
546,"Бенковски"
547,"Близнаци"
548,"Блъсково"
549,"Бозвелийско"
550,"Болярци"
551,"Боряна"
552,"Ботево"
553,"Бояна"
554,"Брестак"
555,"Булаир"
556,"Бърдарево"
557,"Бързица"
558,"Бяла"
559,"Варна"
560,"Величково"
561,"Венелин"
562,"Венчан"
563,"Ветрино"
564,"Водица"
565,"Войводино"
566,"Въглен"
567,"Вълчи дол"
568,"Габърница"
569,"Генерал Кантарджиев"
570,"Генерал Киселово"
571,"Генерал Колево"
572,"Голица"
573,"Горен чифлик"
574,"Горица"
575,"Господиново"
576,"Градинарово"
577,"Гроздьово"
578,"Девня"
579,"Детелина"
580,"Добри дол"
581,"Добрина"
582,"Доброглед"
583,"Доброплодно"
584,"Добротич"
585,"Долище"
586,"Долни чифлик"
587,"Дръндар"
588,"Дъбравино"
589,"Дългопол"
590,"Дюлино"
591,"Езерово"
592,"Есеница"
593,"Житница"
594,"Засмяно"
595,"Звездица"
596,"Звънец"
597,"Здравец"
598,"Златина"
599,"Зорница"
600,"Игнатиево"
601,"Изворник"
602,"Изворско"
603,"Изгрев"
604,"Искър"
605,"Казашка река"
606,"Казашко"
607,"Калиманци"
608,"Калоян"
609,"Камен дял"
610,"Каменар"
611,"Караманите"
612,"Кипра"
613,"Китен"
614,"Китка"
615,"Кичево"
616,"Климентово"
617,"Комарево"
618,"Комунари"
619,"Константиново"
620,"Кракра"
621,"Красимир"
622,"Кривини"
623,"Кривня"
624,"Крумово"
625,"Круша"
626,"Куманово"
627,"Левски"
628,"Лопушна"
629,"Любен Каравелово"
630,"Манастир"
631,"Медовец"
632,"Метличина"
633,"Михалич"
634,"Млада гвардия"
635,"Момчилово"
636,"Невша"
637,"Неново"
638,"Неофит Рилски"
639,"Николаевка"
640,"Нова Шипка"
641,"Новаково"
642,"Ново Оряхово"
643,"Оборище"
644,"Овчага"
645,"Орешак"
646,"Осеново"
647,"Падина"
648,"Партизани"
649,"Петров дол"
650,"Поляците"
651,"Попович"
652,"Припек"
653,"Приселци"
654,"Провадия"
655,"Просечен"
656,"Пчелник"
657,"Равна"
658,"Равна гора"
659,"Радан войвода"
660,"Радево"
661,"Разделна"
662,"Рояк"
663,"Рудник"
664,"Сава"
665,"Садово"
666,"Самотино"
667,"Синдел"
668,"Славейково"
669,"Сладка вода"
670,"Слънчево"
671,"Снежина"
672,"Солник"
673,"Средно село"
674,"Старо Оряхово"
675,"Староселец"
676,"Стефан Караджа"
677,"Страхил"
678,"Страшимирово"
679,"Суворово"
680,"Тополи"
681,"Тръстиково"
682,"Тутраканци"
683,"Храброво"
684,"Царевци"
685,"Цонево"
686,"Чайка"
687,"Червенци"
688,"Черковна"
689,"Чернево"
690,"Черноок"
691,"Шкорпиловци"
692,"Щипско"
693,"Юнак"
694,"Юнец"
695,"Ягнило"
696,"Яребична"
697,"Алеково"
698,"Александрово"
699,"Аплаци"
700,"Арбанаси"
701,"Асеново"
702,"Багалевци"
703,"Бадевци"
704,"Баевци"
705,"Баждари"
706,"Балван"
707,"Балканци"
708,"Балуци"
709,"Батак"
710,"Беброво"
711,"Бейковци"
712,"Белчевци"
713,"Беляковец"
714,"Берковци"
715,"Бижовци"
716,"Благоево"
717,"Блъсковци"
718,"Богданско"
719,"Бойковци"
720,"Бойчеви колиби"
721,"Бойчовци"
722,"Босевци"
723,"Бочковци"
724,"Бояновци"
725,"Бранковци"
726,"Брезово"
727,"Бръчковци"
728,"Бряговица"
729,"Буйновци"
730,"Буковец"
731,"Бутово"
732,"Българско Сливово"
733,"Бяла река"
734,"Бяла черква"
735,"Бялковци"
736,"Валето"
737,"Вардим"
738,"Велико Търново"
739,"Велковци"
740,"Велчево"
741,"Велювци"
742,"Веселина"
743,"Ветринци"
744,"Виларе"
745,"Виноград"
746,"Високовци"
747,"Вишовград"
748,"Владислав"
749,"Водно"
750,"Водолей"
751,"Войнежа"
752,"Вонеща вода"
753,"Въглевци"
754,"Вълчовци"
755,"Вълчовци"
756,"Върбица"
757,"Върбовка"
758,"Вързилковци"
759,"Вързулица"
760,"Върлинка"
761,"Габрака"
762,"Габровци"
763,"Ганев дол"
764,"Гащевци"
765,"Глоговец"
766,"Големани"
767,"Големаните"
768,"Горановци"
769,"Горен Еневец"
770,"Горна Липница"
771,"Горна Оряховица"
772,"Горна Студена"
773,"Горна Хаджийска"
774,"Горни край"
775,"Горни Танчевци"
776,"Горска"
777,"Горски Горен Тръмбе"
778,"Горски Долен Тръмбе"
779,"Горски Сеновец"
780,"Горско Калугерово"
781,"Горско Косово"
782,"Горско Ново село"
783,"Горско Писарево"
784,"Граматици"
785,"Гърдевци"
786,"Давери"
787,"Дайновци"
788,"Дебелец"
789,"Дебели рът"
790,"Деветаците"
791,"Дедина"
792,"Дединци"
793,"Делова махала"
794,"Деляновци"
795,"Дечковци"
796,"Джулюница"
797,"Димитровци"
798,"Димовци"
799,"Димча"
800,"Дичин"
801,"Добревци"
802,"Добри дял"
803,"Дойновци"
804,"Долен Еневец"
805,"Долна Липница"
806,"Долна Оряховица"
807,"Долни Дамяновци"
808,"Долни Марян"
809,"Долни Танчевци"
810,"Долно Шивачево"
811,"Донковци"
812,"Драганово"
813,"Драгановци"
814,"Драганосковци"
815,"Драгижево"
816,"Драгийци"
817,"Драгневци"
818,"Драгомирово"
819,"Дрента"
820,"Дуковци"
821,"Дунавци"
822,"Дуровци"
823,"Дълги припек"
824,"Дърлевци"
825,"Дъскот"
826,"Елена"
827,"Емен"
828,"Железарци"
829,"Зеленик"
830,"Златарица"
831,"Иванивановци"
832,"Ивановци"
833,"Иванча"
834,"Игнатовци"
835,"Илаков рът"
836,"Илевци"
837,"Илиювци"
838,"Йовчевци"
839,"Кавлак"
840,"Калайджии"
841,"Камен"
842,"Каменари"
843,"Кантари"
844,"Караиванци"
845,"Караисен"
846,"Карандили"
847,"Каранци"
848,"Кесарево"
849,"Килифарево"
850,"Киревци"
851,"Кисьовци"
852,"Кладни дял"
853,"Климентово"
854,"Клъшка река"
855,"Коевци"
856,"Кожлювци"
857,"Козаревец"
858,"Козловец"
859,"Козя река"
860,"Колари"
861,"Константин"
862,"Косевци"
863,"Костел"
864,"Котуци"
865,"Красно Градище"
866,"Крилювци"
867,"Крумчевци"
868,"Крушето"
869,"Куцаровци"
870,"Куцина"
871,"Къпиново"
872,"Лагерите"
873,"Лазарци"
874,"Леденик"
875,"Лесиче"
876,"Лесичери"
877,"Лозен"
878,"Любенци"
879,"Лясковец"
880,"Майско"
881,"Малки чифлик"
882,"Малчовци"
883,"Марафелци"
884,"Марговци"
885,"Мариновци"
886,"Марян"
887,"Масларево"
888,"Махалници"
889,"Мерданя"
890,"Мийковци"
891,"Миндя"
892,"Миневци"
893,"Мирово"
894,"Мирчовци"
895,"Михалци"
896,"Мишеморков хан"
897,"Момин сбор"
898,"Морава"
899,"Мусина"
900,"Мъртвината"
901,"Нацовци"
902,"Недан"
903,"Недялковци"
904,"Нешевци"
905,"Николаево"
906,"Николовци"
907,"Николчовци"
908,"Никюп"
909,"Ничовци"
910,"Нова Върбовка"
911,"Ново Градище"
912,"Ново село"
913,"Новогорци"
914,"Нюшковци"
915,"Обединение"
916,"Овощна"
917,"Овча могила"
918,"Ореш"
919,"Орловец"
920,"Осенарите"
921,"Павел"
922,"Павликени"
923,"Паисий"
924,"Палици"
925,"Папратлива"
926,"Паскалевец"
927,"Патреш"
928,"Пейковци"
929,"Петко Каравелово"
930,"Петковци"
931,"Пирамидата"
932,"Писарево"
933,"Плаково"
934,"Пожерник"
935,"Поликраище"
936,"Полски Сеновец"
937,"Полски Тръмбеш"
938,"Поповци"
939,"Попрусевци"
940,"Попска"
941,"Правда"
942,"Присово"
943,"Продановци"
944,"Пушево"
945,"Пчелище"
946,"Първомайци"
947,"Пъровци"
948,"Равново"
949,"Раданово"
950,"Радковци"
951,"Радовци"
952,"Разсоха"
953,"Райковци"
954,"Райновци"
955,"Ралиновци"
956,"Рашевци"
957,"Раювци"
958,"Ребревци"
959,"Резач"
960,"Рекичка"
961,"Ресен"
962,"Родина"
963,"Росица"
964,"Росно"
965,"Русаля"
966,"Русковци"
967,"Руховци"
968,"Самоводене"
969,"Самсиите"
970,"Светославци"
971,"Свищов"
972,"Сеймените"
973,"Семковци"
974,"Сливовица"
975,"Сломер"
976,"Совата"
977,"Средни колиби"
978,"Средно село"
979,"Стамболово"
980,"Стефан Стамболово"
981,"Стойчевци"
982,"Стояновци"
983,"Стражица"
984,"Страхилово"
985,"Стрелец"
986,"Султани"
987,"Суха река"
988,"Сухиндол"
989,"Сушица"
990,"Събковци"
991,"Сърненци"
992,"Теменуга"
993,"Терзиите"
994,"Титевци"
995,"Тодоровци"
996,"Тодювци"
997,"Томбето"
998,"Топузи"
999,"Трънковци"
1000,"Тумбевци"
1001,"Тънки рът"
1002,"Търкашени"
1003,"Угорялковци"
1004,"Ушевци"
1005,"Хаджидимитрово"
1006,"Харваловци"
1007,"Хотница"
1008,"Христовци"
1009,"Хъневци"
1010,"Царевец"
1011,"Царски извор"
1012,"Цвеклювци"
1013,"Цепераните"
1014,"Церова кория"
1015,"Цонковци"
1016,"Чавдарци"
1017,"Чакали"
1018,"Червена"
1019,"Червенковци"
1020,"Черни дял"
1021,"Чешма"
1022,"Чистово"
1023,"Чуката"
1024,"Шемшево"
1025,"Шереметя"
1026,"Шиливери"
1027,"Шилковци"
1028,"Шодековци"
1029,"Шубеци"
1030,"Яковци"
1031,"Ялово"
1032,"Янтра"
1033,"Акациево"
1034,"Антимово"
1035,"Арчар"
1036,"Балей"
1037,"Бела"
1038,"Бела Рада"
1039,"Бело поле"
1040,"Белоградчик"
1041,"Бойница"
1042,"Бориловец"
1043,"Боровица"
1044,"Бостаните"
1045,"Ботево"
1046,"Бояново"
1047,"Бранковци"
1048,"Брегово"
1049,"Буковец"
1050,"Вещица"
1051,"Видин"
1052,"Винарово"
1053,"Владиченци"
1054,"Водна"
1055,"Воднянци"
1056,"Войница"
1057,"Връв"
1058,"Вълчек"
1059,"Върба"
1060,"Върбово"
1061,"Върбовчец"
1062,"Въртоп"
1063,"Гайтанци"
1064,"Генерал Мариново"
1065,"Големаново"
1066,"Гомотарци"
1067,"Горни Лом"
1068,"Градец"
1069,"Градсковски колиби"
1070,"Грамада"
1071,"Гранитово"
1072,"Граничак"
1073,"Гъмзово"
1074,"Гюргич"
1075,"Делейна"
1076,"Димово"
1077,"Динковица"
1078,"Динково"
1079,"Долни Бошняк"
1080,"Долни Лом"
1081,"Дражинци"
1082,"Дреновец"
1083,"Дружба"
1084,"Дунавци"
1085,"Дъбравка"
1086,"Дълго поле"
1087,"Държаница"
1088,"Жеглица"
1089,"Ивановци"
1090,"Извор"
1091,"Извор махала"
1092,"Иново"
1093,"Каленик"
1094,"Калина"
1095,"Каниц"
1096,"Капитановци"
1097,"Карбинци"
1098,"Киреево"
1099,"Кладоруб"
1100,"Косово"
1101,"Коста Перчево"
1102,"Костичовци"
1103,"Кошава"
1104,"Крачимир"
1105,"Куделин"
1106,"Кула"
1107,"Кутово"
1108,"Лагошевци"
1109,"Майор Узуново"
1110,"Макреш"
1111,"Мали Дреновец"
1112,"Медешевци"
1113,"Медовница"
1114,"Милчина лъка"
1115,"Неговановци"
1116,"Ново село"
1117,"Новоселци"
1118,"Орешец"
1119,"Орешец"
1120,"Острокапци"
1121,"Ошане"
1122,"Периловец"
1123,"Пешаково"
1124,"Плакудер"
1125,"Плешивец"
1126,"Подгоре"
1127,"Покрайна"
1128,"Полетковци"
1129,"Праужда"
1130,"Пролазница"
1131,"Протопопинци"
1132,"Рабиша"
1133,"Раброво"
1134,"Ракитница"
1135,"Раковица"
1136,"Раяновци"
1137,"Репляна"
1138,"Роглец"
1139,"Ружинци"
1140,"Рупци"
1141,"Салаш"
1142,"Септемврийци"
1143,"Синаговци"
1144,"Скомля"
1145,"Слана бара"
1146,"Сланотрън"
1147,"Сливовник"
1148,"Срацимирово"
1149,"Средогрив"
1150,"Стакевци"
1151,"Старопатица"
1152,"Струиндол"
1153,"Тияновци"
1154,"Толовица"
1155,"Тополовец"
1156,"Тополовец"
1157,"Тошевци"
1158,"Търговище"
1159,"Търняне"
1160,"Флорентин"
1161,"Халовски колиби"
1162,"Цар Симеоново"
1163,"Цар-Петрово"
1164,"Цар-Шишманово"
1165,"Черно поле"
1166,"Чифлик"
1167,"Чичил"
1168,"Чупрене"
1169,"Шипикова махала"
1170,"Шипот"
1171,"Шишенци"
1172,"Яньовец"
1173,"Ярловица"
1174,"Ясен"
1175,"Алтимир"
1176,"Баница"
1177,"Баурене"
1178,"Бели извор"
1179,"Боденец"
1180,"Борован"
1181,"Ботево"
1182,"Ботуня"
1183,"Бреница"
1184,"Брусен"
1185,"Буковец"
1186,"Бутан"
1187,"Бърдарски геран"
1188,"Бързина"
1189,"Бъркачево"
1190,"Бяла Слатина"
1191,"Веслец"
1192,"Вировско"
1193,"Власатица"
1194,"Войводово"
1195,"Враняк"
1196,"Враца"
1197,"Върбешница"
1198,"Върбица"
1199,"Габаре"
1200,"Галатин"
1201,"Галиче"
1202,"Галово"
1203,"Главаци"
1204,"Гложене"
1205,"Големо Бабино"
1206,"Голямо Пещене"
1207,"Горна Бешовица"
1208,"Горна Кремена"
1209,"Горни Вадин"
1210,"Горно Пещене"
1211,"Градешница"
1212,"Девене"
1213,"Добролево"
1214,"Добруша"
1215,"Долна Бешовица"
1216,"Долна Кремена"
1217,"Долни Вадин"
1218,"Драшан"
1219,"Дърманци"
1220,"Елисейна"
1221,"Еница"
1222,"Зверино"
1223,"Згориград"
1224,"Злидол"
1225,"Игнатица"
1226,"Кален"
1227,"Камено поле"
1228,"Караш"
1229,"Кнежа"
1230,"Козлодуй"
1231,"Комарево"
1232,"Костелево"
1233,"Краводер"
1234,"Крапец"
1235,"Крета"
1236,"Крива бара"
1237,"Криводол"
1238,"Крушовица"
1239,"Кунино"
1240,"Курново"
1241,"Лазарово"
1242,"Лесковец"
1243,"Лесура"
1244,"Лик"
1245,"Лиляче"
1246,"Липница"
1247,"Лютаджик"
1248,"Лютиброд"
1249,"Лютидол"
1250,"Мало Пещене"
1251,"Малорад"
1252,"Манастирище"
1253,"Марково равнище"
1254,"Мездра"
1255,"Мизия"
1256,"Михайлово"
1257,"Моравица"
1258,"Мраморен"
1259,"Нефела"
1260,"Нивянин"
1261,"Оряхово"
1262,"Оселна"
1263,"Осен"
1264,"Ослен Криводол"
1265,"Остров"
1266,"Оходен"
1267,"Очиндол"
1268,"Паволче"
1269,"Попица"
1270,"Пудрия"
1271,"Радовене"
1272,"Ракево"
1273,"Ребърково"
1274,"Рогозен"
1275,"Роман"
1276,"Руска Бела"
1277,"Сараево"
1278,"Селановци"
1279,"Синьо бърдо"
1280,"Сираково"
1281,"Соколаре"
1282,"Софрониево"
1283,"Средни рът"
1284,"Старо село"
1285,"Стояновци"
1286,"Струпец"
1287,"Типченица"
1288,"Тишевица"
1289,"Тлачене"
1290,"Три кладенци"
1291,"Търнава"
1292,"Търнак"
1293,"Уровене"
1294,"Фурен"
1295,"Хайредин"
1296,"Хубавене"
1297,"Хърлец"
1298,"Цаконица"
1299,"Царевец"
1300,"Челопек"
1301,"Чирен"
1302,"Агатово"
1303,"Азманите"
1304,"Ангелов"
1305,"Армените"
1306,"Армянковци"
1307,"Баева ливада"
1308,"Баевци"
1309,"Балалея"
1310,"Баланите"
1311,"Балванците"
1312,"Балиновци"
1313,"Банари"
1314,"Бангейци"
1315,"Банковци"
1316,"Батошево"
1317,"Бахреци"
1318,"Бекриите"
1319,"Белица"
1320,"Беломъжите"
1321,"Бериево"
1322,"Бижовци"
1323,"Билкини"
1324,"Боазът"
1325,"Бобевци"
1326,"Богатово"
1327,"Богданчовци"
1328,"Боженците"
1329,"Бойновци"
1330,"Бойчета"
1331,"Болтата"
1332,"Борики"
1333,"Борското"
1334,"Брежниците"
1335,"Брънеците"
1336,"Буря"
1337,"Бучуковци"
1338,"Българи"
1339,"Бърдарите"
1340,"Бърдени"
1341,"Бялково"
1342,"Валевци"
1343,"Веленци"
1344,"Велково"
1345,"Велковци"
1346,"Велчовци"
1347,"Ветрово"
1348,"Владовци"
1349,"Влайчовци"
1350,"Власатили"
1351,"Влаховци"
1352,"Войниците"
1353,"Войнишка"
1354,"Врабците"
1355,"Враниловци"
1356,"Вълков дол"
1357,"Вълковци"
1358,"Габрово"
1359,"Гайдари"
1360,"Гайкини"
1361,"Гайтаните"
1362,"Ганчовец"
1363,"Гарван"
1364,"Геновци"
1365,"Генчовци"
1366,"Генчовци"
1367,"Геня"
1368,"Гергини"
1369,"Геша"
1370,"Гледаци"
1371,"Глутниците"
1372,"Глушка"
1373,"Гоздейка"
1374,"Големи Българени"
1375,"Големи Станчовци"
1376,"Горна Росица"
1377,"Горни Върпища"
1378,"Горни Дамяновци"
1379,"Горни Драгойча"
1380,"Горни Маренци"
1381,"Горни Радковци"
1382,"Горни Цоневци"
1383,"Горнова могила"
1384,"Горяни"
1385,"Гостилица"
1386,"Градище"
1387,"Градница"
1388,"Гръблевци"
1389,"Гъбене"
1390,"Гърня"
1391,"Даевци"
1392,"Дамяново"
1393,"Дебел дял"
1394,"Дебелцово"
1395,"Денчевци"
1396,"Джумриите"
1397,"Джуровци"
1398,"Дивеци"
1399,"Димиевци"
1400,"Дисманица"
1401,"Длъгня"
1402,"Добревци"
1403,"Добрените"
1404,"Добромирка"
1405,"Долни Върпища"
1406,"Долни Драгойча"
1407,"Долни Маренци"
1408,"Долни Радковци"
1409,"Долни Томчевци"
1410,"Донино"
1411,"Донкино"
1412,"Дончовци"
1413,"Доча"
1414,"Драгановци"
1415,"Драганчетата"
1416,"Драгиевци"
1417,"Драгневци"
1418,"Драгомани"
1419,"Драндарите"
1420,"Дряново"
1421,"Дрянът"
1422,"Думници"
1423,"Дурча"
1424,"Душево"
1425,"Душевски колиби"
1426,"Дървари"
1427,"Дъскарите"
1428,"Дялък"
1429,"Езерото"
1430,"Еленците"
1431,"Енев рът"
1432,"Енчовци"
1433,"Живко"
1434,"Жълтеш"
1435,"Зая"
1436,"Здравковец"
1437,"Зеленика"
1438,"Зелено дърво"
1439,"Златевци"
1440,"Иван Димов"
1441,"Иванили"
1442,"Иванковци"
1443,"Иглика"
1444,"Игнатовци"
1445,"Идилево"
1446,"Източник"
1447,"Иринеци"
1448,"Искра"
1449,"Йововци"
1450,"Каломен"
1451,"Калчовци"
1452,"Камещица"
1453,"Караиванца"
1454,"Карали"
1455,"Карамичевци"
1456,"Кастел"
1457,"Катранджии"
1458,"Кашенци"
1459,"Керека"
1460,"Керените"
1461,"Киевци"
1462,"Киселковци"
1463,"Кисийците"
1464,"Кметовци"
1465,"Кметчета"
1466,"Коевци"
1467,"Кози рог"
1468,"Койчовци"
1469,"Колишовци"
1470,"Колю Ганев"
1471,"Конарското"
1472,"Копчелиите"
1473,"Корията"
1474,"Кормянско"
1475,"Косарка"
1476,"Косилка"
1477,"Костадините"
1478,"Костенковци"
1479,"Крамолин"
1480,"Креслювци"
1481,"Крушево"
1482,"Кръвеник"
1483,"Крънча"
1484,"Кръстеняците"
1485,"Кръстец"
1486,"Кукля"
1487,"Куманите"
1488,"Купен"
1489,"Къртипъня"
1490,"Лесичарка"
1491,"Ловнидол"
1492,"Лоза"
1493,"Малини"
1494,"Малиново"
1495,"Малки Българени"
1496,"Малки Вършец"
1497,"Малки Станчовци"
1498,"Малуша"
1499,"Малчовци"
1500,"Маневци"
1501,"Маноя"
1502,"Мариновци"
1503,"Маруцековци"
1504,"Матешовци"
1505,"Междени"
1506,"Мечковица"
1507,"Милевци"
1508,"Милковци"
1509,"Михайловци"
1510,"Миховци"
1511,"Мичковци"
1512,"Младен"
1513,"Млечево"
1514,"Могилите"
1515,"Моровеците"
1516,"Мрахори"
1517,"Мръзеци"
1518,"Музга"
1519,"Муця"
1520,"Недялковци"
1521,"Нейчовци"
1522,"Неновци"
1523,"Никачковци"
1524,"Николаево"
1525,"Николчовци"
1526,"Новаковци"
1527,"Ножерите"
1528,"Носеите"
1529,"Овощарци"
1530,"Околиите"
1531,"Орловци"
1532,"Ошаните"
1533,"Павлевци"
1534,"Парчовци"
1535,"Пейна"
1536,"Пейовци"
1537,"Пенковци"
1538,"Петко Славейков"
1539,"Петковци"
1540,"Петровци"
1541,"Пецовци"
1542,"Планинци"
1543,"Плачка"
1544,"Плачковци"
1545,"Побък"
1546,"Попари"
1547,"Попгергевци"
1548,"Поповци"
1549,"Попрайковци"
1550,"Попска"
1551,"Поток"
1552,"Прахали"
1553,"Престой"
1554,"Продановци"
1555,"Пържиграх"
1556,"Пъртевци"
1557,"Пърша"
1558,"Раданчето"
1559,"Радевци"
1560,"Радино"
1561,"Радовци"
1562,"Радоевци"
1563,"Раевци"
1564,"Райновци"
1565,"Райнушковци"
1566,"Ралевци"
1567,"Раховци"
1568,"Рачевци"
1569,"Рачовци"
1570,"Рашовите"
1571,"Редешковци"
1572,"Ритя"
1573,"Рогулят"
1574,"Руевци"
1575,"Руйчовци"
1576,"Руня"
1577,"Русиновци"
1578,"Рязковци"
1579,"Ряховците"
1580,"Саласука"
1581,"Свинарски дол"
1582,"Свирци"
1583,"Севлиево"
1584,"Седянковци"
1585,"Сейковци"
1586,"Селище"
1587,"Семерджиите"
1588,"Сенник"
1589,"Сечен камък"
1590,"Скалско"
1591,"Скорците"
1592,"Славейково"
1593,"Сливово"
1594,"Смиловци"
1595,"Соколово"
1596,"Солари"
1597,"Спанци"
1598,"Спасовци"
1599,"Стайновци"
1600,"Станча"
1601,"Станчов хан"
1602,"Старилковци"
1603,"Стефаново"
1604,"Стоевци"
1605,"Стойковци"
1606,"Стойчовци"
1607,"Стоките"
1608,"Столът"
1609,"Стоманеците"
1610,"Стражата"
1611,"Стръмци"
1612,"Сухолоевци"
1613,"Съботковци"
1614,"Сяровци"
1615,"Табашка"
1616,"Тодореците"
1617,"Тодоровци"
1618,"Тодорчета"
1619,"Томчевци"
1620,"Торбалъжите"
1621,"Трапесковци"
1622,"Трънито"
1623,"Трявна"
1624,"Тумбалово"
1625,"Туркинча"
1626,"Търхово"
1627,"Угорелец"
1628,"Узуните"
1629,"Урвата"
1630,"Фърговци"
1631,"Фъревци"
1632,"Фъртуни"
1633,"Харачерите"
1634,"Хирево"
1635,"Христовци"
1636,"Царева ливада"
1637,"Цвятковци"
1638,"Чавеи"
1639,"Чакалите"
1640,"Чарково"
1641,"Червена локва"
1642,"Черневци"
1643,"Черновръх"
1644,"Читаковци"
1645,"Чукилите"
1646,"Чуково"
1647,"Шарани"
1648,"Шипчените"
1649,"Шопите"
1650,"Шумата"
1651,"Шушня"
1652,"Ябълковци"
1653,"Явор"
1654,"Яворец"
1655,"Янковци"
1656,"Янтра"
1657,"Ясените"
1658,"Абрит"
1659,"Александрия"
1660,"Александър Стамболи"
1661,"Алцек"
1662,"Ангеларий"
1663,"Балик"
1664,"Балканци"
1665,"Балчик"
1666,"Батово"
1667,"Бдинци"
1668,"Бежаново"
1669,"Безводица"
1670,"Безмер"
1671,"Белгун"
1672,"Бенковски"
1673,"Било"
1674,"Бистрец"
1675,"Бобовец"
1676,"Богдан"
1677,"Божан"
1678,"Божаново"
1679,"Божурец"
1680,"Божурово"
1681,"Бонево"
1682,"Бранище"
1683,"Брестница"
1684,"Брястово"
1685,"Българево"
1686,"Ваклино"
1687,"Василево"
1688,"Ведрина"
1689,"Великово"
1690,"Видно"
1691,"Вичово"
1692,"Владимирово"
1693,"Воднянци"
1694,"Войниково"
1695,"Вранино"
1696,"Вратарите"
1697,"Врачанци"
1698,"Габер"
1699,"Генерал Колево"
1700,"Генерал Тошево"
1701,"Гешаново"
1702,"Главанци"
1703,"Горица"
1704,"Горичане"
1705,"Горун"
1706,"Градини"
1707,"Градница"
1708,"Граничар"
1709,"Гурково"
1710,"Гуслар"
1711,"Дебрене"
1712,"Добрево"
1713,"Добрин"
1714,"Добрич"
1715,"Долина"
1716,"Дончево"
1717,"Драганово"
1718,"Дропла"
1719,"Дряновец"
1720,"Дуранкулак"
1721,"Дъбовик"
1722,"Дъбрава"
1723,"Езерец"
1724,"Енево"
1725,"Ефрейтор Бакалово"
1726,"Жегларци"
1727,"Житен"
1728,"Житница"
1729,"Загорци"
1730,"Захари Стояново"
1731,"Земенци"
1732,"Зимница"
1733,"Златия"
1734,"Змеево"
1735,"Зограф"
1736,"Зърнево"
1737,"Изворово"
1738,"Иречек"
1739,"Йовково"
1740,"Каблешково"
1741,"Каварна"
1742,"Калина"
1743,"Камен"
1744,"Камен бряг"
1745,"Капитан Димитрово"
1746,"Карапелит"
1747,"Карвуна"
1748,"Кардам"
1749,"Кладенци"
1750,"Козлодуйци"
1751,"Коларци"
1752,"Конаре"
1753,"Коритен"
1754,"Котленци"
1755,"Кочмар"
1756,"Крагулево"
1757,"Краище"
1758,"Кранево"
1759,"Крапец"
1760,"Красен"
1761,"Кремена"
1762,"Крупен"
1763,"Крушари"
1764,"Къпиново"
1765,"Ловчанци"
1766,"Лозенец"
1767,"Лозница"
1768,"Ломница"
1769,"Люляково"
1770,"Лясково"
1771,"Ляхово"
1772,"Мали извор"
1773,"Малина"
1774,"Малка Смолница"
1775,"Медово"
1776,"Методиево"
1777,"Миладиновци"
1778,"Могилище"
1779,"Нейково"
1780,"Нова Камена"
1781,"Ново Ботево"
1782,"Оброчище"
1783,"Овчарово"
1784,"Огняново"
1785,"Огражден"
1786,"Одринци"
1787,"Одърци"
1788,"Оногур"
1789,"Опанец"
1790,"Орлова могила"
1791,"Орляк"
1792,"Паскалево"
1793,"Петлешково"
1794,"Писарово"
1795,"Плачидол"
1796,"Пленимир"
1797,"Победа"
1798,"Подслон"
1799,"Полковник Иваново"
1800,"Полковник Минково"
1801,"Полковник Савово"
1802,"Полковник Свещарово"
1803,"ПолковникДяково"
1804,"Попгригорово"
1805,"Попгруево"
1806,"Поручик Кърджиево"
1807,"Поручик Чунчево"
1808,"Преселенци"
1809,"Преспа"
1810,"Прилеп"
1811,"Приморци"
1812,"Присад"
1813,"Пролез"
1814,"Професор Златарски"
1815,"Пчеларово"
1816,"Пчелино"
1817,"Пчелник"
1818,"Равнец"
1819,"Раковски"
1820,"Рогачево"
1821,"Рогозина"
1822,"Росен"
1823,"Росеново"
1824,"Росица"
1825,"Самуилово"
1826,"Свети Никола"
1827,"Свобода"
1828,"Северняк"
1829,"Северци"
1830,"Селце"
1831,"Сенокос"
1832,"Септемврийци"
1833,"Сираково"
1834,"Славеево"
1835,"Сливенци"
1836,"Смин"
1837,"Смолница"
1838,"Сноп"
1839,"Снягово"
1840,"Соколник"
1841,"Соколово"
1842,"Спасово"
1843,"Средина"
1844,"Стаевци"
1845,"Стефан Караджа"
1846,"Стефаново"
1847,"Стожер"
1848,"Стражица"
1849,"Сърнец"
1850,"Сърнино"
1851,"Твърдица"
1852,"Телериг"
1853,"Тервел"
1854,"Топола"
1855,"Травник"
1856,"Тригорци"
1857,"Тюленово"
1858,"Тянево"
1859,"Узово"
1860,"Фелдфебел Дянково"
1861,"Хаджи Димитър"
1862,"Хитово"
1863,"Храброво"
1864,"Царевец"
1865,"Царичино"
1866,"Църква"
1867,"Челопечене"
1868,"Черна"
1869,"Черноморци"
1870,"Чернооково"
1871,"Честименско"
1872,"Шабла"
1873,"Аврамово"
1874,"Аврен"
1875,"Айрово"
1876,"Албанци"
1877,"Априлци"
1878,"Ардино"
1879,"Ауста"
1880,"Ахрянско"
1881,"Багра"
1882,"Багрилци"
1883,"Багрянка"
1884,"Бакалите"
1885,"Балабаново"
1886,"Бараци"
1887,"Башево"
1888,"Бащино"
1889,"Бедрово"
1890,"Безводно"
1891,"Бели вир"
1892,"Бели пласт"
1893,"Бенковски"
1894,"Беснурка"
1895,"Биволяне"
1896,"Бистроглед"
1897,"Благун"
1898,"Бленика"
1899,"Богатино"
1900,"Божак"
1901,"Божурци"
1902,"Бойник"
1903,"Бойно"
1904,"Болярци"
1905,"Боровица"
1906,"Боровско"
1907,"Босилица"
1908,"Бостанци"
1909,"Брегово"
1910,"Брежана"
1911,"Брезен"
1912,"Брош"
1913,"Бряговец"
1914,"Бук"
1915,"Бърза река"
1916,"Бързея"
1917,"Бял извор"
1918,"Бяла поляна"
1919,"Бялка"
1920,"Велешани"
1921,"Великденче"
1922,"Верско"
1923,"Висока"
1924,"Висока поляна"
1925,"Вишеград"
1926,"Водач"
1927,"Воденичарско"
1928,"Вождово"
1929,"Войново"
1930,"Воловарци"
1931,"Вранско"
1932,"Врело"
1933,"Възел"
1934,"Вълкович"
1935,"Вълчанка"
1936,"Върбен"
1937,"Върбенци"
1938,"Върли дол"
1939,"Върхари"
1940,"Габрово"
1941,"Генерал Гешево"
1942,"Главатарци"
1943,"Главник"
1944,"Глухар"
1945,"Гняздово"
1946,"Голобрад"
1947,"Голям Девесил"
1948,"Голяма бара"
1949,"Голяма Чинка"
1950,"Голямо Каменяне"
1951,"Горна крепост"
1952,"Горна кула"
1953,"Горни Юруци"
1954,"Горно Кирково"
1955,"Горно Къпиново"
1956,"Горно Прахово"
1957,"Горски извор"
1958,"Горско Дюлево"
1959,"Гривка"
1960,"Гривяк"
1961,"Груево"
1962,"Гулийка"
1963,"Гулия"
1964,"Гургулица"
1965,"Гърбище"
1966,"Гъсково"
1967,"Даскалово"
1968,"Девесилица"
1969,"Девесилово"
1970,"Девинци"
1971,"Дедец"
1972,"Дедино"
1973,"Делвино"
1974,"Джанка"
1975,"Джебел"
1976,"Джелепско"
1977,"Джерово"
1978,"Диамандово"
1979,"Доборско"
1980,"Добриново"
1981,"Добринци"
1982,"Добромирци"
1983,"Дойранци"
1984,"Долище"
1985,"Долна крепост"
1986,"Долна кула"
1987,"Долни Юруци"
1988,"Долно Къпиново"
1989,"Долно Прахово"
1990,"Домище"
1991,"Драганово"
1992,"Дрангово"
1993,"Дружинци"
1994,"Друмче"
1995,"Дрянова глава"
1996,"Душинково"
1997,"Душка"
1998,"Дъждино"
1999,"Дъждовник"
2000,"Дъждовница"
2001,"Дънгово"
2002,"Дюлица"
2003,"Дядовско"
2004,"Дядовци"
2005,"Егрек"
2006,"Едрино"
2007,"Енчец"
2008,"Еньовче"
2009,"Еровете"
2010,"Железник"
2011,"Желъдово"
2012,"Женда"
2013,"Жинзифово"
2014,"Житарник"
2015,"Житница"
2016,"Жълти рид"
2017,"Жълтика"
2018,"Жълтуша"
2019,"Завоя"
2020,"Загорски"
2021,"Загорско"
2022,"Зайчино"
2023,"Звездел"
2024,"Звезделина"
2025,"Звезден"
2026,"Звиница"
2027,"Звънарка"
2028,"Звъника"
2029,"Звънче"
2030,"Здравчец"
2031,"Зелениково"
2032,"Зимзелен"
2033,"Зиморница"
2034,"Златолист"
2035,"Зорница"
2036,"Иванци"
2037,"Илийско"
2038,"Илиница"
2039,"Искра"
2040,"Йончово"
2041,"Каблешково"
2042,"Казаците"
2043,"Калайджиево"
2044,"Калинка"
2045,"Калоянци"
2046,"Каменарци"
2047,"Каменец"
2048,"Каменка"
2049,"Каменяне"
2050,"Кандилка"
2051,"Каняк"
2052,"Карамфил"
2053,"Качулка"
2054,"Каялоба"
2055,"Кирково"
2056,"Китна"
2057,"Китница"
2058,"Кобиляне"
2059,"Ковил"
2060,"Кожухарци"
2061,"Козица"
2062,"Козлево"
2063,"Кокиче"
2064,"Кокошане"
2065,"Комунига"
2066,"Конево"
2067,"Контил"
2068,"Конче"
2069,"Копитник"
2070,"Кос"
2071,"Костино"
2072,"Костурино"
2073,"Котлари"
2074,"Крайно село"
2075,"Кран"
2076,"Красино"
2077,"Кремен"
2078,"Кременец"
2079,"Крилатица"
2080,"Крин"
2081,"Кроячево"
2082,"Крумовград"
2083,"Крушевска"
2084,"Крушка"
2085,"Кукуряк"
2086,"Купците"
2087,"Куцово"
2088,"Къклица"
2089,"Кърджали"
2090,"Кърчовско"
2091,"Кьосево"
2092,"Лале"
2093,"Латинка"
2094,"Лебед"
2095,"Левци"
2096,"Ленище"
2097,"Летовник"
2098,"Лещарка"
2099,"Лимец"
2100,"Лисиците"
2101,"Лозенградци"
2102,"Луличка"
2103,"Лъвово"
2104,"Любино"
2105,"Люляково"
2106,"Лясково"
2107,"Майсторово"
2108,"Мак"
2109,"Македонци"
2110,"Малка Чинка"
2111,"Малко Каменяне"
2112,"Малкоч"
2113,"Малък Девесил"
2114,"Манчево"
2115,"Мартино"
2116,"Медевци"
2117,"Метлика"
2118,"Метличина"
2119,"Метличка"
2120,"Миладиново"
2121,"Минзухар"
2122,"Мишевско"
2123,"Млечино"
2124,"Могиляне"
2125,"Модрен"
2126,"Момина сълза"
2127,"Момчилград"
2128,"Морянци"
2129,"Мост"
2130,"Мрежичко"
2131,"Мурга"
2132,"Мургово"
2133,"Мусево"
2134,"Мъглене"
2135,"Мъдрец"
2136,"Нане"
2137,"Нановица"
2138,"Небеска"
2139,"Невестино"
2140,"Ненково"
2141,"Неофит Бозвелиево"
2142,"Нови пазар"
2143,"Новоселище"
2144,"Ночево"
2145,"Обичник"
2146,"Овчари"
2147,"Овчево"
2148,"Опълченско"
2149,"Орешари"
2150,"Орешница"
2151,"Орлица"
2152,"Островец"
2153,"Островица"
2154,"Охлювец"
2155,"Падало"
2156,"Падина"
2157,"Пазарци"
2158,"Паничково"
2159,"Панчево"
2160,"Папрат"
2161,"Паспал"
2162,"Патица"
2163,"Пашинци"
2164,"Пелин"
2165,"Пеньово"
2166,"Пепелище"
2167,"Перперек"
2168,"Перуника"
2169,"Песнопой"
2170,"Петелово"
2171,"Петлино"
2172,"Пиявец"
2173,"Плазище"
2174,"Плешинци"
2175,"Пловка"
2176,"Повет"
2177,"Подвръх"
2178,"Подкова"
2179,"Подрумче"
2180,"Полковник Желязово"
2181,"Полянец"
2182,"Постник"
2183,"Поточарка"
2184,"Поточе"
2185,"Поточница"
2186,"Правдолюб"
2187,"Пресека"
2188,"Прилепци"
2189,"Припек"
2190,"Прогрес"
2191,"Пропаст"
2192,"Пряпорец"
2193,"Птичар"
2194,"Пчеларово"
2195,"Пъдарци"
2196,"Първенци"
2197,"Първица"
2198,"Равен"
2199,"Ралица"
2200,"Раличево"
2201,"Рани лист"
2202,"Растник"
2203,"Резбарци"
2204,"Рибарци"
2205,"Рибино"
2206,"Ридино"
2207,"Ридово"
2208,"Рогач"
2209,"Рогозари"
2210,"Рогозче"
2211,"Родопско"
2212,"Рожденско"
2213,"Рудина"
2214,"Русалина"
2215,"Русалско"
2216,"Ручей"
2217,"Рът"
2218,"Садовица"
2219,"Самовила"
2220,"Самодива"
2221,"Самокитка"
2222,"Сбор"
2223,"Сватбаре"
2224,"Светлен"
2225,"Светулка"
2226,"Свобода"
2227,"Свободиново"
2228,"Севдалина"
2229,"Седефче"
2230,"Седлари"
2231,"Седларци"
2232,"Седловина"
2233,"Секирка"
2234,"Сенце"
2235,"Сестринско"
2236,"Синделци"
2237,"Синигер"
2238,"Синчец"
2239,"Сипей"
2240,"Сипец"
2241,"Скалак"
2242,"Скалина"
2243,"Скалище"
2244,"Скална глава"
2245,"Скърбино"
2246,"Сладкодум"
2247,"Сливарка"
2248,"Слънчоглед"
2249,"Снежинка"
2250,"Соколино"
2251,"Соколите"
2252,"Соколско"
2253,"Соколяне"
2254,"Солище"
2255,"Софийци"
2256,"Сполука"
2257,"Срединка"
2258,"Среднево"
2259,"Средска"
2260,"Средско"
2261,"Срънско"
2262,"Стар читак"
2263,"Старейшино"
2264,"Стари чал"
2265,"Старо място"
2266,"Старово"
2267,"Стоманци"
2268,"Стояново"
2269,"Стражевци"
2270,"Стражец"
2271,"Стражница"
2272,"Странджево"
2273,"Страхил войвода"
2274,"Стремово"
2275,"Стремци"
2276,"Стрижба"
2277,"Студен кладенец"
2278,"Сухово"
2279,"Сърнак"
2280,"Сярци"
2281,"Татково"
2282,"Татул"
2283,"Телчарка"
2284,"Теменуга"
2285,"Тинтява"
2286,"Тихомир"
2287,"Токачка"
2288,"Тополка"
2289,"Тополчане"
2290,"Три могили"
2291,"Търна"
2292,"Търновци"
2293,"Търносливка"
2294,"Тютюнче"
2295,"Устрен"
2296,"Фотиново"
2297,"Хаджийско"
2298,"Хисар"
2299,"Ходжовци"
2300,"Храстово"
2301,"Хромица"
2302,"Царевец"
2303,"Царино"
2304,"Цвятово"
2305,"Църквица"
2306,"Чавка"
2307,"Чайка"
2308,"Чакаларово"
2309,"Чакалци"
2310,"Чал"
2311,"Чеганци"
2312,"Червена скала"
2313,"Черешица"
2314,"Черешка"
2315,"Черна нива"
2316,"Черна скала"
2317,"Чернигово"
2318,"Черничево"
2319,"Чернооки"
2320,"Черноочене"
2321,"Черньовци"
2322,"Чилик"
2323,"Чифлик"
2324,"Чичево"
2325,"Чобанка"
2326,"Чомаково"
2327,"Чорбаджийско"
2328,"Чубрика"
2329,"Чуково"
2330,"Шипок"
2331,"Широко поле"
2332,"Шопци"
2333,"Шумнатица"
2334,"Щерна"
2335,"Юнаци"
2336,"Ябълковец"
2337,"Ябълчени"
2338,"Яворово"
2339,"Яковица"
2340,"Ямино"
2341,"Янино"
2342,"Яребица"
2343,"Ястреб"
2344,"Бабино"
2345,"Бабинска река"
2346,"Багренци"
2347,"Бадино"
2348,"Баланово"
2349,"Бараково"
2350,"Берсин"
2351,"Бистрица"
2352,"Блажиево"
2353,"Блатец"
2354,"Блатино"
2355,"Блато"
2356,"Бобешино"
2357,"Бобовдол"
2358,"Бобошево"
2359,"Богослов"
2360,"Боровец"
2361,"Брест"
2362,"Буново"
2363,"Бураново"
2364,"Бъзовица"
2365,"Ваксево"
2366,"Ветрен"
2367,"Висока могила"
2368,"Вратца"
2369,"Вуково"
2370,"Габрешевци"
2371,"Гирчевци"
2372,"Голем Върбовник"
2373,"Голема Фуча"
2374,"Големо село"
2375,"Горановци"
2376,"Горна Брестница"
2377,"Горна Гращица"
2378,"Горна Козница"
2379,"Горни Коритен"
2380,"Горно Кобиле"
2381,"Горно Уйно"
2382,"Грамаде"
2383,"Грамаждано"
2384,"Граница"
2385,"Гурбановци"
2386,"Гърбино"
2387,"Гърляно"
2388,"Гюешево"
2389,"Дворище"
2390,"Делян"
2391,"Джерман"
2392,"Длъхчево-Сабляр"
2393,"Добри дол"
2394,"Доброво"
2395,"Дождевица"
2396,"Долистово"
2397,"Долна Гращица"
2398,"Долна Козница"
2399,"Долни Коритен"
2400,"Долно Кобиле"
2401,"Долно село"
2402,"Долно Уйно"
2403,"Драговищица"
2404,"Драгодан"
2405,"Драгойчинци"
2406,"Друмохар"
2407,"Дупница"
2408,"Дяково"
2409,"Еремия"
2410,"Жабокрът"
2411,"Жеравино"
2412,"Жиленци"
2413,"Згурово"
2414,"Злогош"
2415,"Ивановци"
2416,"Илия"
2417,"Кадровица"
2418,"Каменик"
2419,"Каменичка Скакавица"
2420,"Катрище"
2421,"Киселица"
2422,"Коняво"
2423,"Копиловци"
2424,"Коприва"
2425,"Коркина"
2426,"Косово"
2427,"Кочериново"
2428,"Крайни дол"
2429,"Крайници"
2430,"Кременик"
2431,"Крумово"
2432,"Кутугерци"
2433,"Кършалево"
2434,"Кюстендил"
2435,"Лелинци"
2436,"Леска"
2437,"Лиляч"
2438,"Лисец"
2439,"Лозно"
2440,"Локвата"
2441,"Ломница"
2442,"Мазарачево"
2443,"Мала Фуча"
2444,"Мали Върбовник"
2445,"Мало село"
2446,"Метохия"
2447,"Мламолово"
2448,"Мурсалево"
2449,"Мърводол"
2450,"Невестино"
2451,"Неделкова Гращица"
2452,"Николичевци"
2453,"Нови чифлик"
2454,"Ново село"
2455,"Новоселяне"
2456,"Овчарци"
2457,"Падала"
2458,"Палатово"
2459,"Паничарево"
2460,"Паничище"
2461,"Пастра"
2462,"Пастух"
2463,"Пелатиково"
2464,"Пиперево"
2465,"Пиперков чифлик"
2466,"Побит камък"
2467,"Полетинци"
2468,"Полска Скакавица"
2469,"Пороминово"
2470,"Преколница"
2471,"Радловци"
2472,"Раждавица"
2473,"Раково"
2474,"Раненци"
2475,"Рашка Гращица"
2476,"Режинци"
2477,"Ресилово"
2478,"Рила"
2479,"Рилски манастир"
2480,"Ръсово"
2481,"Савойски"
2482,"Сажденик"
2483,"Самораново"
2484,"Сапарева баня"
2485,"Сапарево"
2486,"Скрино"
2487,"Скриняно"
2488,"Слатино"
2489,"Слокощица"
2490,"Смоличано"
2491,"Смочево"
2492,"Соволяно"
2493,"Сопово"
2494,"Средорек"
2495,"Стенско"
2496,"Стоб"
2497,"Страдалово"
2498,"Сушица"
2499,"Таваличево"
2500,"Тишаново"
2501,"Тополница"
2502,"Трекляно"
2503,"Търновлаг"
2504,"Търсино"
2505,"Усойка"
2506,"Уши"
2507,"Фролош"
2508,"Церовица"
2509,"Циклово"
2510,"Црешново"
2511,"Църварица"
2512,"Цървена ябълка"
2513,"Цървендол"
2514,"Цървеняно"
2515,"Цървище"
2516,"Чеканец"
2517,"Червен брег"
2518,"Четирци"
2519,"Чешлянци"
2520,"Чудинци"
2521,"Шатрово"
2522,"Шипочано"
2523,"Шишковци"
2524,"Ябълково"
2525,"Яхиново"
2526,"Абланица"
2527,"Александрово"
2528,"Априлци"
2529,"Асен"
2530,"Баба Стана"
2531,"Бабинци"
2532,"Балабанско"
2533,"Балканец"
2534,"Батулци"
2535,"Баховица"
2536,"Бежаново"
2537,"Беленци"
2538,"Бели Осъм"
2539,"Белиш"
2540,"Борима"
2541,"Брезово"
2542,"Брестница"
2543,"Брестово"
2544,"Българене"
2545,"Български извор"
2546,"Василковска махала"
2547,"Васильово"
2548,"Велчево"
2549,"Владиня"
2550,"Врабево"
2551,"Габърска"
2552,"Галата"
2553,"Глогово"
2554,"Гложене"
2555,"Голец"
2556,"Голям извор"
2557,"Голяма Брестница"
2558,"Голяма Желязна"
2559,"Голямо осое"
2560,"Горан"
2561,"Горно Павликене"
2562,"Горно Трапе"
2563,"Горното село"
2564,"Горско Сливово"
2565,"Горуньово"
2566,"Гостиня"
2567,"Градежница"
2568,"Гумощник"
2569,"Дебнево"
2570,"Деветаки"
2571,"Дерманци"
2572,"Джокари"
2573,"Дивчовото"
2574,"Добревци"
2575,"Добродан"
2576,"Дойренци"
2577,"Долна Маргатина"
2578,"Драгана"
2579,"Драгоица"
2580,"Драшкова поляна"
2581,"Дренов"
2582,"Дрянска"
2583,"Дъбен"
2584,"Дъбрава"
2585,"Дъбравата"
2586,"Дълбок дол"
2587,"Дълга ливада"
2588,"Жеравица"
2589,"Жидов дол"
2590,"Златна Панега"
2591,"Зоренишки дол"
2592,"Иваншница"
2593,"Изворче"
2594,"Йоглав"
2595,"Казачево"
2596,"Калейца"
2597,"Каленик"
2598,"Калчевска"
2599,"Карлуково"
2600,"Катунец"
2601,"Киркова махала"
2602,"Кирчево"
2603,"Кривина"
2604,"Крушуна"
2605,"Кръкожабене"
2606,"Къкрина"
2607,"Кърпачево"
2608,"Лакарево"
2609,"Лесидрен"
2610,"Летница"
2611,"Лешко пресои"
2612,"Лешница"
2613,"Лисец"
2614,"Ловеч"
2615,"Лозето"
2616,"Ломец"
2617,"Луковит"
2618,"Малиново"
2619,"Малка Желязна"
2620,"Малък извор"
2621,"Мачковци"
2622,"Микре"
2623,"Миленча"
2624,"Мириовец"
2625,"Мишкарете"
2626,"Нановица"
2627,"Ореша"
2628,"Орешак"
2629,"Орешене"
2630,"Орляне"
2631,"Патрешко"
2632,"Петревене"
2633,"Пещерна"
2634,"Прелом"
2635,"Пресяка"
2636,"Присоето"
2637,"Равна"
2638,"Радоевското"
2639,"Радювене"
2640,"Райковска"
2641,"Рибарица"
2642,"Румянцево"
2643,"Селце"
2644,"Скандалото"
2645,"Скобелево"
2646,"Славщица"
2647,"Славяни"
2648,"Слатина"
2649,"Слатина"
2650,"Сливек"
2651,"Смочан"
2652,"Соколово"
2653,"Сопот"
2654,"Старо село"
2655,"Стефаново"
2656,"Стойновското"
2657,"Стругът"
2658,"Тепава"
2659,"Терзийско"
2660,"Тетевен"
2661,"Тодоричене"
2662,"Топилища"
2663,"Торос"
2664,"Троян"
2665,"Угърчин"
2666,"Умаревци"
2667,"Хлевене"
2668,"Чавдарци"
2669,"Черневото"
2670,"Черни Вит"
2671,"Черни Осъм"
2672,"Чифлик"
2673,"Шипково"
2674,"Ъглен"
2675,"Ябланица"
2676,"Аспарухово"
2677,"Балювица"
2678,"Безденица"
2679,"Бели брег"
2680,"Бели брод"
2681,"Белимел"
2682,"Белотинци"
2683,"Берковица"
2684,"Бистрилица"
2685,"Благово"
2686,"Бойчиновци"
2687,"Бокиловци"
2688,"Боровци"
2689,"Ботево"
2690,"Брусарци"
2691,"Буковец"
2692,"Бъзовец"
2693,"Бързия"
2694,"Василовци"
2695,"Видлица"
2696,"Винище"
2697,"Вирове"
2698,"Владимирово"
2699,"Войници"
2700,"Вълчедръм"
2701,"Вършец"
2702,"Габровница"
2703,"Гаврил Геново"
2704,"Гаганица"
2705,"Георги Дамяново"
2706,"Главановци"
2707,"Говежда"
2708,"Горна Бела речка"
2709,"Горна Вереница"
2710,"Горна Ковачица"
2711,"Горна Лука"
2712,"Горни Цибър"
2713,"Горно Озирово"
2714,"Горно Церовене"
2715,"Громшин"
2716,"Дива Слатина"
2717,"Добри дол"
2718,"Доктор-Йосифово"
2719,"Долна Бела речка"
2720,"Долна Вереница"
2721,"Долна Рикса"
2722,"Долни Цибър"
2723,"Долно Белотинци"
2724,"Долно Линево"
2725,"Долно Озирово"
2726,"Долно Церовене"
2727,"Дондуково"
2728,"Драганица"
2729,"Дъбова махала"
2730,"Дълги дел"
2731,"Дългоделци"
2732,"Еловица"
2733,"Ерден"
2734,"Железна"
2735,"Замфир"
2736,"Замфирово"
2737,"Златия"
2738,"Игнатово"
2739,"Каменна Рикса"
2740,"Киселево"
2741,"Клисурица"
2742,"Клисурски манастир"
2743,"Княжева махала"
2744,"Кобиляк"
2745,"Ковачица"
2746,"Комарево"
2747,"Комощица"
2748,"Копиловци"
2749,"Костенци"
2750,"Котеновци"
2751,"Крапчене"
2752,"Крива бара"
2753,"Лесковец"
2754,"Лехчево"
2755,"Липен"
2756,"Лом"
2757,"Мадан"
2758,"Мартиново"
2759,"Медковец"
2760,"Мездрея"
2761,"Меляне"
2762,"Митровци"
2763,"Мокреш"
2764,"Монтана"
2765,"Мърчево"
2766,"Николово"
2767,"Одоровци"
2768,"Орсоя"
2769,"Охрид"
2770,"Палилула"
2771,"Песочница"
2772,"Пишурка"
2773,"Помеждин"
2774,"Портитовци"
2775,"Превала"
2776,"Пърличево"
2777,"Равна"
2778,"Разград"
2779,"Расово"
2780,"Рашовица"
2781,"Септемврийци"
2782,"Славотин"
2783,"Слатина"
2784,"Сливата"
2785,"Сливовик"
2786,"Смирненски"
2787,"Смоляновци"
2788,"Спанчевци"
2789,"Сталийска махала"
2790,"Станево"
2791,"Стояново"
2792,"Стубел"
2793,"Студено буче"
2794,"Сумер"
2795,"Трайково"
2796,"Трифоново"
2797,"Цветкова бара"
2798,"Челюстница"
2799,"Чемиш"
2800,"Черешовица"
2801,"Черкаски"
2802,"Черни връх"
2803,"Чипровци"
2804,"Ягодово"
2805,"Якимово"
2806,"Абланица"
2807,"Аканджиево"
2808,"Алеко Константиново"
2809,"Алендарова"
2810,"Априлци"
2811,"Баня"
2812,"Батак"
2813,"Белово"
2814,"Биркова"
2815,"Блатница"
2816,"Бозьова"
2817,"Боримечково"
2818,"Бошуля"
2819,"Братаница"
2820,"Брацигово"
2821,"Бутрева"
2822,"Бъта"
2823,"Бяга"
2824,"Варвара"
2825,"Велинград"
2826,"Величково"
2827,"Ветрен"
2828,"Ветрен дол"
2829,"Виноградец"
2830,"Враненци"
2831,"Всемирци"
2832,"Габровица"
2833,"Гелеменово"
2834,"Главиница"
2835,"Говедаре"
2836,"Голямо Белово"
2837,"Горна Биркова"
2838,"Горна Дъбева"
2839,"Горно Вършило"
2840,"Грашево"
2841,"Дебръщица"
2842,"Динката"
2843,"Добровница"
2844,"Долна Дъбева"
2845,"Долно Вършило"
2846,"Дорково"
2847,"Драгиново"
2848,"Драгор"
2849,"Дъбравите"
2850,"Дюлево"
2851,"Елшица"
2852,"Жребичко"
2853,"Звъничево"
2854,"Злокучене"
2855,"Ивайло"
2856,"Исперихово"
2857,"Калугерово"
2858,"Кандови"
2859,"Капитан Димитриево"
2860,"Карабунар"
2861,"Ковачево"
2862,"Козарско"
2863,"Костандово"
2864,"Крали Марко"
2865,"Кръстава"
2866,"Левски"
2867,"Лесичово"
2868,"Лозен"
2869,"Ляхово"
2870,"Мало Конаре"
2871,"Медени поляни"
2872,"Мененкьово"
2873,"Мирянци"
2874,"Мокрище"
2875,"Момина клисура"
2876,"Нова махала"
2877,"Оборище"
2878,"Овчеполци"
2879,"Огняново"
2880,"Пазарджик"
2881,"Памидово"
2882,"Панагюрище"
2883,"Панагюрски колони"
2884,"Паталеница"
2885,"Пашови"
2886,"Пещера"
2887,"Пищигово"
2888,"Побит камък"
2889,"Поибрене"
2890,"Попинци"
2891,"Равногор"
2892,"Радилово"
2893,"Ракитово"
2894,"Розово"
2895,"Росен"
2896,"Рохлева"
2897,"Сарая"
2898,"Сбор"
2899,"Света Петка"
2900,"Свобода"
2901,"Семчиново"
2902,"Септември"
2903,"Сестримо"
2904,"Симеоновец"
2905,"Синитово"
2906,"Славовица"
2907,"Смилец"
2908,"Сребриново"
2909,"Стрелча"
2910,"Сърница"
2911,"Тополи дол"
2912,"Фотиново"
2913,"Хаджиево"
2914,"Цар Асен"
2915,"Цветино"
2916,"Церово"
2917,"Црънча"
2918,"Черногорово"
2919,"Чолакова"
2920,"Щърково"
2921,"Юнаците"
2922,"Юндола"
2923,"Арзан"
2924,"Бабица"
2925,"Байкалско"
2926,"Банище"
2927,"Банкя"
2928,"Батановци"
2929,"Бегуновци"
2930,"Беланица"
2931,"Бераинци"
2932,"Беренде"
2933,"Билинци"
2934,"Блатешница"
2935,"Бобораци"
2936,"Богдановдол"
2937,"Богойна"
2938,"Борнарево"
2939,"Боснек"
2940,"Бохова"
2941,"Брезник"
2942,"Брезнишки извор"
2943,"Брусник"
2944,"Бусинци"
2945,"Бутроинци"
2946,"Велиново"
2947,"Велковци"
2948,"Видрар"
2949,"Видрица"
2950,"Вискяр"
2951,"Витановци"
2952,"Владимир"
2953,"Врабча"
2954,"Враня стена"
2955,"Вукан"
2956,"Габровдол"
2957,"Гигинци"
2958,"Главановци"
2959,"Глоговица"
2960,"Гоз"
2961,"Големо Бучино"
2962,"Горна Врабча"
2963,"Горна Глоговица"
2964,"Горна Диканя"
2965,"Горна Мелна"
2966,"Горна Секирна"
2967,"Горни Романци"
2968,"Горочевци"
2969,"Гълъбник"
2970,"Гърло"
2971,"Дебели лаг"
2972,"Джинчовци"
2973,"Дивля"
2974,"Дивотино"
2975,"Докьовци"
2976,"Долна Врабча"
2977,"Долна Диканя"
2978,"Долна Мелна"
2979,"Долна Секирна"
2980,"Долни Раковец"
2981,"Долни Романци"
2982,"Драгичево"
2983,"Драгомирово"
2984,"Дрен"
2985,"Друган"
2986,"Душинци"
2987,"Дълга лука"
2988,"Егълница"
2989,"Ездимирци"
2990,"Еловдол"
2991,"Еловица"
2992,"Ерул"
2993,"Жабляно"
2994,"Жедна"
2995,"Житуша"
2996,"Забел"
2997,"Завала"
2998,"Зелениград"
2999,"Земен"
3000,"Зидарци"
3001,"Извор"
3002,"Калище"
3003,"Калотинци"
3004,"Касилаг"
3005,"Кладница"
3006,"Кленовик"
3007,"Ковачевци"
3008,"Кожинци"
3009,"Кондофрей"
3010,"Конска"
3011,"Копаница"
3012,"Косача"
3013,"Костуринци"
3014,"Кошарево"
3015,"Кошарите"
3016,"Кралев дол"
3017,"Красава"
3018,"Кривонос"
3019,"Къшле"
3020,"Лева река"
3021,"Лесковец"
3022,"Лешниковци"
3023,"Лобош"
3024,"Ломница"
3025,"Люлин"
3026,"Лялинци"
3027,"Мещица"
3028,"Милкьовци"
3029,"Милославци"
3030,"Мракетинци"
3031,"Мрамор"
3032,"Мурено"
3033,"Муртинци"
3034,"Насалевци"
3035,"Негованци"
3036,"Неделково"
3037,"Непразненци"
3038,"Николаево"
3039,"Ноевци"
3040,"Одраница"
3041,"Озърновци"
3042,"Падине"
3043,"Парамун"
3044,"Пенкьовци"
3045,"Перник"
3046,"Пещера"
3047,"Планиница"
3048,"Поцърненци"
3049,"Прибой"
3050,"Проданча"
3051,"Радибош"
3052,"Радово"
3053,"Радомир"
3054,"Радуй"
3055,"Ракиловци"
3056,"Рани луг"
3057,"Расник"
3058,"Раянци"
3059,"Ребро"
3060,"Режанци"
3061,"Реяновци"
3062,"Рударци"
3063,"Ръжавец"
3064,"Садовик"
3065,"Светля"
3066,"Селищен дол"
3067,"Сирищник"
3068,"Слаковци"
3069,"Слатино"
3070,"Слишовци"
3071,"Смиров дол"
3072,"Сопица"
3073,"Стайчовци"
3074,"Станьовци"
3075,"Старо село"
3076,"Стефаново"
3077,"Стрезимировци"
3078,"Студен извор"
3079,"Студена"
3080,"Трън"
3081,"Туроковци"
3082,"Углярци"
3083,"Филиповци"
3084,"Цегриловци"
3085,"Чепино"
3086,"Червена могила"
3087,"Черна гора"
3088,"Чуйпетлово"
3089,"Чуковец"
3090,"Шипковица"
3091,"Ярджиловци"
3092,"Ярловци"
3093,"Ярославци"
3094,"Асеново"
3095,"Асеновци"
3096,"Аспарухово"
3097,"Байкал"
3098,"Бацова махала"
3099,"Беглеж"
3100,"Белене"
3101,"Биволаре"
3102,"Божурица"
3103,"Божурлук"
3104,"Борислав"
3105,"Бохот"
3106,"Брегаре"
3107,"Брест"
3108,"Бресте"
3109,"Брестовец"
3110,"Бръшляница"
3111,"Буковлък"
3112,"Българене"
3113,"Бъркач"
3114,"Бяла вода"
3115,"Варана"
3116,"Въбел"
3117,"Вълчитрън"
3118,"Върбица"
3119,"Гиген"
3120,"Глава"
3121,"Горна Митрополия"
3122,"Горни Дъбник"
3123,"Горник"
3124,"Горталово"
3125,"Гостиля"
3126,"Градина"
3127,"Градище"
3128,"Гривица"
3129,"Гулянци"
3130,"Дебово"
3131,"Девенци"
3132,"Деков"
3133,"Дисевица"
3134,"Долна Митрополия"
3135,"Долни Вит"
3136,"Долни Дъбник"
3137,"Долни Луковит"
3138,"Драгаш войвода"
3139,"Дъбован"
3140,"Евлогиево"
3141,"Жернов"
3142,"Загражден"
3143,"Згалево"
3144,"Изгрев"
3145,"Искър"
3146,"Искър"
3147,"Каменец"
3148,"Катерица"
3149,"Козар Белене"
3150,"Коиловци"
3151,"Койнаре"
3152,"Комарево"
3153,"Крета"
3154,"Крушовене"
3155,"Крушовица"
3156,"Кулина вода"
3157,"Къртожабене"
3158,"Къшин"
3159,"Ласкар"
3160,"Левски"
3161,"Ленково"
3162,"Лепица"
3163,"Лозица"
3164,"Любеново"
3165,"Малчика"
3166,"Мечка"
3167,"Милковица"
3168,"Муселиево"
3169,"Николаево"
3170,"Никопол"
3171,"Новачене"
3172,"Обнова"
3173,"Одърне"
3174,"Опанец"
3175,"Ореховица"
3176,"Пелишат"
3177,"Петокладенци"
3178,"Петърница"
3179,"Писарово"
3180,"Плевен"
3181,"Победа"
3182,"Подем"
3183,"Пордим"
3184,"Радишево"
3185,"Радомирци"
3186,"Ракита"
3187,"Ралево"
3188,"Реселец"
3189,"Рибен"
3190,"Рупци"
3191,"Садовец"
3192,"Санадиново"
3193,"Славовица"
3194,"Славяново"
3195,"Сомовит"
3196,"Ставерци"
3197,"Староселци"
3198,"Стежерово"
3199,"Сухаче"
3200,"Татари"
3201,"Телиш"
3202,"Тодорово"
3203,"Тотлебен"
3204,"Трънчовица"
3205,"Тръстеник"
3206,"Тученица"
3207,"Търнене"
3208,"Червен бряг"
3209,"Черковица"
3210,"Чомаковци"
3211,"Шияково"
3212,"Ясен"
3213,"Анево"
3214,"Асеновград"
3215,"Ахматово"
3216,"Бабек"
3217,"Балкан махала"
3218,"Баня"
3219,"Бачково"
3220,"Бегово"
3221,"Бегунци"
3222,"Белащица"
3223,"Белица"
3224,"Беловица"
3225,"Белозем"
3226,"Бенковски"
3227,"Богдан"
3228,"Богданица"
3229,"Бойково"
3230,"Болярино"
3231,"Болярци"
3232,"Бор"
3233,"Борец"
3234,"Борово"
3235,"Боянци"
3236,"Браниполе"
3237,"Брезово"
3238,"Брестник"
3239,"Брестовица"
3240,"Брягово"
3241,"Буково"
3242,"Бяла река"
3243,"Васил Левски"
3244,"Ведраре"
3245,"Виница"
3246,"Воден"
3247,"Войводиново"
3248,"Войнягово"
3249,"Войсил"
3250,"Врата"
3251,"Върбен"
3252,"Главатар"
3253,"Голям чардак"
3254,"Горна махала"
3255,"Горни Домлян"
3256,"Горнослав"
3257,"Градина"
3258,"Граф-Игнатиево"
3259,"Гълъбово"
3260,"Дедово"
3261,"Джурково"
3262,"Динк"
3263,"Добралък"
3264,"Добри дол"
3265,"Добростан"
3266,"Долна махала"
3267,"Долнослав"
3268,"Домлян"
3269,"Драгойново"
3270,"Драгомир"
3271,"Дрангово"
3272,"Дряново"
3273,"Дуванлии"
3274,"Дъбене"
3275,"Дълбок извор"
3276,"Дълго поле"
3277,"Езерово"
3278,"Желязно"
3279,"Житница"
3280,"Жълт камък"
3281,"Здравец"
3282,"Зелениково"
3283,"Златитрап"
3284,"Златовръх"
3285,"Златосел"
3286,"Иван Вазово"
3287,"Иганово"
3288,"Избеглии"
3289,"Извор"
3290,"Изворово"
3291,"Искра"
3292,"Йоаким Груево"
3293,"Кадиево"
3294,"Калековец"
3295,"Калофер"
3296,"Калояново"
3297,"Каравелово"
3298,"Караджалово"
3299,"Караджово"
3300,"Карлово"
3301,"Катуница"
3302,"Климент"
3303,"Клисура"
3304,"Козаново"
3305,"Конуш"
3306,"Косово"
3307,"Костиево"
3308,"Кочево"
3309,"Красново"
3310,"Крислово"
3311,"Кричим"
3312,"Крумово"
3313,"Крушево"
3314,"Крушово"
3315,"Кръстевич"
3316,"Куклен"
3317,"Куртово"
3318,"Куртово Конаре"
3319,"Кърнаре"
3320,"Леново"
3321,"Лилково"
3322,"Лъкавица"
3323,"Лъки"
3324,"Любен"
3325,"Лясково"
3326,"Мало Крушево"
3327,"Малък Чардак"
3328,"Манастир"
3329,"Маноле"
3330,"Манолско Конаре"
3331,"Марино поле"
3332,"Марково"
3333,"Милево"
3334,"Михилци"
3335,"Момино село"
3336,"Моминско"
3337,"Московец"
3338,"Мостово"
3339,"Мраченик"
3340,"Мулдава"
3341,"Мътеница"
3342,"Найден Герово"
3343,"Нареченски бани"
3344,"Неделево"
3345,"Новаково"
3346,"Нови извор"
3347,"Ново Железаре"
3348,"Ново село"
3349,"Орешец"
3350,"Оризари"
3351,"Отец Кирилово"
3352,"Отец Паисиево"
3353,"Паничери"
3354,"Патриарх-Евтимово"
3355,"Певците"
3356,"Перущица"
3357,"Песнопой"
3358,"Пловдив"
3359,"Поповица"
3360,"Поройна"
3361,"Правище"
3362,"Православен"
3363,"Пролом"
3364,"Пъдарско"
3365,"Първенец"
3366,"Първомай"
3367,"Радиново"
3368,"Раковски"
3369,"Рогош"
3370,"Розино"
3371,"Розовец"
3372,"Руен"
3373,"Ръжево"
3374,"Ръжево Конаре"
3375,"Садово"
3376,"Свежен"
3377,"Селци"
3378,"Сини връх"
3379,"Ситово"
3380,"Скобелево"
3381,"Скутаре"
3382,"Слатина"
3383,"Соколица"
3384,"Сопот"
3385,"Стамболийски"
3386,"Старо Железаре"
3387,"Старосел"
3388,"Стоево"
3389,"Столетово"
3390,"Стрелци"
3391,"Строево"
3392,"Стряма"
3393,"Сухозем"
3394,"Съединение"
3395,"Сърнегор"
3396,"Татарево"
3397,"Тополово"
3398,"Три могили"
3399,"Триводици"
3400,"Трилистник"
3401,"Труд"
3402,"Тюркмен"
3403,"Узуново"
3404,"Устина"
3405,"Хисаря"
3406,"Храбрино"
3407,"Христо Даново"
3408,"Цалапица"
3409,"Цар Калоян"
3410,"Царацово"
3411,"Царимир"
3412,"Церетелево"
3413,"Чалъкови"
3414,"Червен"
3415,"Черничево"
3416,"Черноземен"
3417,"Четрока"
3418,"Чехларе"
3419,"Чешнегирово"
3420,"Чоба"
3421,"Чуката"
3422,"Чурен"
3423,"Шишманци"
3424,"Югово"
3425,"Яврово"
3426,"Ягодово"
3427,"Ясно поле"
3428,"Балкански"
3429,"Бели Лом"
3430,"Белинци"
3431,"Беловец"
3432,"Бисерци"
3433,"Благоево"
3434,"Богданци"
3435,"Богомилци"
3436,"Божурово"
3437,"Брестовене"
3438,"Буйново"
3439,"Бърдоква"
3440,"Вазово"
3441,"Веселец"
3442,"Веселина"
3443,"Владимировци"
3444,"Гецово"
3445,"Голям извор"
3446,"Голям Поровец"
3447,"Голяма вода"
3448,"Голямо ново"
3449,"Горичево"
3450,"Гороцвет"
3451,"Градина"
3452,"Делчево"
3453,"Драгомъж"
3454,"Дралфа"
3455,"Дряновец"
3456,"Духовец"
3457,"Дянково"
3458,"Езерче"
3459,"Желязковец"
3460,"Завет"
3461,"Задруга"
3462,"Звънарци"
3463,"Здравец"
3464,"Иван Шишманово"
3465,"Исперих"
3466,"Йонково"
3467,"Каменар"
3468,"Кара Михал"
3469,"Китанчево"
3470,"Киченица"
3471,"Конево"
3472,"Костанденец"
3473,"Кошничари"
3474,"Кривица"
3475,"Крояч"
3476,"Кръшно"
3477,"Кубрат"
3478,"Къпиновци"
3479,"Липник"
3480,"Ловско"
3481,"Лозница"
3482,"Лудогорци"
3483,"Лъвино"
3484,"Маково"
3485,"Малък Поровец"
3486,"Манастирско"
3487,"Манастирци"
3488,"Медовене"
3489,"Миладиновци"
3490,"Мировец"
3491,"Мортагоново"
3492,"Мъдрево"
3493,"Недоклан"
3494,"Ножарово"
3495,"Осенец"
3496,"Острово"
3497,"Островче"
3498,"Печеница"
3499,"Побит камък"
3500,"Подайва"
3501,"Пороище"
3502,"Прелез"
3503,"Пресяк"
3504,"Пчелина"
3505,"Радинград"
3506,"Разград"
3507,"Райнино"
3508,"Раковски"
3509,"Росина"
3510,"Савин"
3511,"Самуил"
3512,"Сваленик"
3513,"Свещари"
3514,"Севар"
3515,"Сейдол"
3516,"Сеслав"
3517,"Синя вода"
3518,"Средоселци"
3519,"Старо селище"
3520,"Стражец"
3521,"Студенец"
3522,"Сушево"
3523,"Твърдинци"
3524,"Тертер"
3525,"Тетово"
3526,"Тодорово"
3527,"Точилари"
3528,"Трапище"
3529,"Тръбач"
3530,"Ушинци"
3531,"Хума"
3532,"Хърсово"
3533,"Цар Калоян"
3534,"Церовец"
3535,"Черешово"
3536,"Черковна"
3537,"Чудомир"
3538,"Юпер"
3539,"Яким Груево"
3540,"Ясеновец"
3541,"Бабово"
3542,"Баниска"
3543,"Басарбово"
3544,"Батин"
3545,"Батишница"
3546,"Белцов"
3547,"Беляново"
3548,"Бистренци"
3549,"Божичен"
3550,"Борисово"
3551,"Борово"
3552,"Босилковци"
3553,"Ботров"
3554,"Брестовица"
3555,"Бръшлен"
3556,"Бъзовец"
3557,"Бъзън"
3558,"Бяла"
3559,"Ветово"
3560,"Волово"
3561,"Глоджево"
3562,"Голямо Враново"
3563,"Горно Абланово"
3564,"Две могили"
3565,"Джулюница"
3566,"Долна Студена"
3567,"Долно Абланово"
3568,"Дряновец"
3569,"Екзарх Йосиф"
3570,"Иваново"
3571,"Каменово"
3572,"Караманово"
3573,"Каран Върбовка"
3574,"Кацелово"
3575,"Копривец"
3576,"Кошарна"
3577,"Кошов"
3578,"Красен"
3579,"Кривина"
3580,"Кривня"
3581,"Лом Черковна"
3582,"Малко Враново"
3583,"Мартен"
3584,"Мечка"
3585,"Могилино"
3586,"Николово"
3587,"Нисово"
3588,"Новград"
3589,"Ново село"
3590,"Обретеник"
3591,"Острица"
3592,"Пейчиново"
3593,"Пепелина"
3594,"Пет кладенци"
3595,"Пиперково"
3596,"Пиргово"
3597,"Писанец"
3598,"Полско Косово"
3599,"Помен"
3600,"Просена"
3601,"Просторно"
3602,"Равно"
3603,"Русе"
3604,"Ряхово"
3605,"Сандрово"
3606,"Семерджиево"
3607,"Сеново"
3608,"Сливо поле"
3609,"Смирненски"
3610,"Стамболово"
3611,"Стърмен"
3612,"Табачка"
3613,"Топчии"
3614,"Тръстеник"
3615,"Хотанца"
3616,"Ценово"
3617,"Червен"
3618,"Червена вода"
3619,"Чилнов"
3620,"Широково"
3621,"Щръклево"
3622,"Юделник"
3623,"Ястребово"
3624,"Айдемир"
3625,"Алеково"
3626,"Алфатар"
3627,"Антимово"
3628,"Бабук"
3629,"Бащино"
3630,"Белица"
3631,"Бистра"
3632,"Богданци"
3633,"Богорово"
3634,"Боил"
3635,"Босна"
3636,"Брадвари"
3637,"Бреница"
3638,"Българка"
3639,"Варненци"
3640,"Васил Левски"
3641,"Ветрен"
3642,"Водно"
3643,"Войново"
3644,"Вокил"
3645,"Вълкан"
3646,"Върбино"
3647,"Гарван"
3648,"Главан"
3649,"Главиница"
3650,"Голеш"
3651,"Господиново"
3652,"Грънчарово"
3653,"Давидово"
3654,"Дичево"
3655,"Добротица"
3656,"Добруджанка"
3657,"Долец"
3658,"Долно Ряхово"
3659,"Дулово"
3660,"Дунавец"
3661,"Зарица"
3662,"Зарник"
3663,"Зафирово"
3664,"Звенимир"
3665,"Зебил"
3666,"Златоклас"
3667,"Ирник"
3668,"Искра"
3669,"Йорданово"
3670,"Казимир"
3671,"Кайнарджа"
3672,"Калипетрово"
3673,"Калугерене"
3674,"Каменци"
3675,"Козяк"
3676,"Коларово"
3677,"Колобър"
3678,"Косара"
3679,"Краново"
3680,"Кутловица"
3681,"Листец"
3682,"Любен"
3683,"Малък Преславец"
3684,"Межден"
3685,"Нова Попина"
3686,"Нова Черна"
3687,"Ножарево"
3688,"Овен"
3689,"Окорш"
3690,"Орешене"
3691,"Осен"
3692,"Падина"
3693,"Паисиево"
3694,"Подлес"
3695,"Пожарево"
3696,"Полковник Ламбринов"
3697,"Полковник Таслаково"
3698,"Полковник Чолаково"
3699,"Поляна"
3700,"Попина"
3701,"Попкралево"
3702,"Попрусаново"
3703,"Поройно"
3704,"Посев"
3705,"Правда"
3706,"Преславци"
3707,"Професор-Иширково"
3708,"Прохлада"
3709,"Раздел"
3710,"Руйно"
3711,"Светослав"
3712,"Секулово"
3713,"Силистра"
3714,"Ситово"
3715,"Скала"
3716,"Слатина"
3717,"Смилец"
3718,"Сокол"
3719,"Срацимир"
3720,"Сребърна"
3721,"Средище"
3722,"Старо село"
3723,"Стефан Караджа"
3724,"Стрелково"
3725,"Суходол"
3726,"Сърпово"
3727,"Сяново"
3728,"Тутракан"
3729,"Търновци"
3730,"Цар Асен"
3731,"Цар Самуил"
3732,"Царев дол"
3733,"Ценович"
3734,"Черковна"
3735,"Черник"
3736,"Черногор"
3737,"Чернолик"
3738,"Чуковец"
3739,"Шуменци"
3740,"Яребица"
3741,"Ястребна"
3742,"Асеновец"
3743,"Баня"
3744,"Биково"
3745,"Било"
3746,"Бинкос"
3747,"Блатец"
3748,"Близнец"
3749,"Богданово"
3750,"Божевци"
3751,"Бозаджии"
3752,"Боринци"
3753,"Боров дол"
3754,"Братан"
3755,"Брястово"
3756,"Бял кладенец"
3757,"Бяла"
3758,"Бяла Паланка"
3759,"Въглен"
3760,"Върлище"
3761,"Гавраилово"
3762,"Гергевец"
3763,"Глуфишево"
3764,"Глушник"
3765,"Голямо Чочовени"
3766,"Горно Александрово"
3767,"Градец"
3768,"Градско"
3769,"Графитово"
3770,"Драгоданово"
3771,"Дъбова"
3772,"Дядово"
3773,"Езеро"
3774,"Еленово"
3775,"Желю войвода"
3776,"Жеравна"
3777,"Жълт бряг"
3778,"Загорци"
3779,"Зайчари"
3780,"Злати войвода"
3781,"Изгрев"
3782,"Ичера"
3783,"Калояново"
3784,"Камен"
3785,"Каменна"
3786,"Каменово"
3787,"Караново"
3788,"Катунище"
3789,"Кермен"
3790,"Кипилово"
3791,"Ковачите"
3792,"Козин дол"
3793,"Коньово"
3794,"Кортен"
3795,"Котел"
3796,"Крива круша"
3797,"Крушаре"
3798,"Любенец"
3799,"Любенова махала"
3800,"Малко село"
3801,"Малко Чочовени"
3802,"Медвен"
3803,"Мечкарево"
3804,"Младово"
3805,"Млекарево"
3806,"Мокрен"
3807,"Мъсърлии"
3808,"Научене"
3809,"Нейково"
3810,"Николаево"
3811,"Ниска поляна"
3812,"Нова Загора"
3813,"Новачево"
3814,"Новоселец"
3815,"Омарчево"
3816,"Оризари"
3817,"Орлово"
3818,"Остра могила"
3819,"Панаретовци"
3820,"Пет могили"
3821,"Питово"
3822,"Полско Пъдарево"
3823,"Прохорово"
3824,"Птичари"
3825,"Пъдарево"
3826,"Радево"
3827,"Радецки"
3828,"Радинка"
3829,"Раково"
3830,"Ръченица"
3831,"Самуилово"
3832,"Сборище"
3833,"Седларево"
3834,"Селиминово"
3835,"Скобелево"
3836,"Сливен"
3837,"Сокол"
3838,"Соколарци"
3839,"Сотиря"
3840,"Средорек"
3841,"Стара река"
3842,"Старо село"
3843,"Стоил войвода"
3844,"Стрелци"
3845,"Струпец"
3846,"Събрано"
3847,"Съдиево"
3848,"Съдийско поле"
3849,"Сърцево"
3850,"Твърдица"
3851,"Тича"
3852,"Тополчане"
3853,"Топузево"
3854,"Трапоклово"
3855,"Филаретово"
3856,"Ценино"
3857,"Червенаково"
3858,"Чинтулово"
3859,"Чокоба"
3860,"Шивачево"
3861,"Ябланово"
3862,"Аламовци"
3863,"Алиговска"
3864,"Арда"
3865,"Арпаджик"
3866,"Баблон"
3867,"Баните"
3868,"Барутин"
3869,"Беден"
3870,"Белев дол"
3871,"Билянска"
3872,"Богутево"
3873,"Боево"
3874,"Борие"
3875,"Борика"
3876,"Бориково"
3877,"Борино"
3878,"Бориново"
3879,"Боровина"
3880,"Босилково"
3881,"Бостина"
3882,"Бреза"
3883,"Брезе"
3884,"Бръщен"
3885,"Буйново"
3886,"Буката"
3887,"Букаците"
3888,"Букова поляна"
3889,"Буково"
3890,"Бурево"
3891,"Бърчево"
3892,"Бяла река"
3893,"Вехтино"
3894,"Виево"
3895,"Високите"
3896,"Витина"
3897,"Вишнево"
3898,"Влахово"
3899,"Водата"
3900,"Водни пад"
3901,"Войкова лъка"
3902,"Вранинци"
3903,"Вълчан"
3904,"Вълчан дол"
3905,"Върба"
3906,"Върбина"
3907,"Върбово"
3908,"Въргов дол"
3909,"Върли дол"
3910,"Върлино"
3911,"Габрина"
3912,"Габрица"
3913,"Галище"
3914,"Гела"
3915,"Глогино"
3916,"Гоздевица"
3917,"Горна Арда"
3918,"Горово"
3919,"Градът"
3920,"Грамаде"
3921,"Гращица"
3922,"Грохотно"
3923,"Гудевица"
3924,"Гълъбово"
3925,"Гърнати"
3926,"Гьоврен"
3927,"Давидково"
3928,"Две тополи"
3929,"Дебеляново"
3930,"Девин"
3931,"Диманово"
3932,"Димово"
3933,"Дирало"
3934,"Добрева череша"
3935,"Долен"
3936,"Долие"
3937,"Доспат"
3938,"Дрянка"
3939,"Дряновец"
3940,"Дунево"
3941,"Дуня"
3942,"Дъбова"
3943,"Еленка"
3944,"Еленска"
3945,"Елховец"
3946,"Ельово"
3947,"Ерма река"
3948,"Жребево"
3949,"Забърдо"
3950,"Загражден"
3951,"Заевите"
3952,"Златоград"
3953,"Змеица"
3954,"Змиево"
3955,"Зорница"
3956,"Иваново"
3957,"Изгрев"
3958,"Исьовци"
3959,"Касапско"
3960,"Катраница"
3961,"Кестен"
3962,"Киселичево"
3963,"Кожари"
3964,"Козарка"
3965,"Кокорково"
3966,"Кокорци"
3967,"Кориите"
3968,"Коритата"
3969,"Кочани"
3970,"Кошница"
3971,"Крайна"
3972,"Крайна"
3973,"Кремене"
3974,"Крушев дол"
3975,"Кръстатица"
3976,"Кукувица"
3977,"Кундево"
3978,"Купен"
3979,"Кутела"
3980,"Кушла"
3981,"Късак"
3982,"Левочево"
3983,"Леска"
3984,"Лещак"
3985,"Ливаде"
3986,"Лилеково"
3987,"Липец"
3988,"Ловци"
3989,"Лъка"
3990,"Любча"
3991,"Люлка"
3992,"Лясково"
3993,"Магарджица"
3994,"Мадан"
3995,"Малево"
3996,"Малка Арда"
3997,"Малко Крушево"
3998,"Миле"
3999,"Милково"
4000,"Митовска"
4001,"Михалково"
4002,"Могилица"
4003,"Момчиловци"
4004,"Мочуре"
4005,"Мугла"
4006,"Мъглища"
4007,"Мързян"
4008,"Надарци"
4009,"Неделино"
4010,"Оглед"
4011,"Оградна"
4012,"Орехово"
4013,"Орешица"
4014,"Оряховец"
4015,"Осиково"
4016,"Остри пазлак"
4017,"Острица"
4018,"Павелско"
4019,"Петково"
4020,"Петров дол"
4021,"Печинска"
4022,"Пещера"
4023,"Писаница"
4024,"Планинско"
4025,"Планинци"
4026,"Пловдивци"
4027,"Подвис"
4028,"Полковник Серафимов"
4029,"Поляна"
4030,"Попрелка"
4031,"Потока"
4032,"Пресока"
4033,"Проглед"
4034,"Равнил"
4035,"Равнината"
4036,"Равнища"
4037,"Равно нивище"
4038,"Река"
4039,"Речани"
4040,"Рибен дол"
4041,"Рибница"
4042,"Ровина"
4043,"Рудозем"
4044,"Рустан"
4045,"Селище"
4046,"Селча"
4047,"Сивино"
4048,"Славейно"
4049,"Сливка"
4050,"Сливово"
4051,"Смилян"
4052,"Смолян"
4053,"Соколовци"
4054,"Солища"
4055,"Сопотот"
4056,"Средец"
4057,"Средногорци"
4058,"Средок"
4059,"Стайчин дол"
4060,"Старцево"
4061,"Стикъл"
4062,"Стойките"
4063,"Стоманево"
4064,"Стража"
4065,"Страшимир"
4066,"Студена"
4067,"Студенец"
4068,"Стърница"
4069,"Сърнино"
4070,"Тешел"
4071,"Тикале"
4072,"Траве"
4073,"Требище"
4074,"Триград"
4075,"Турян"
4076,"Тънка бара"
4077,"Тънкото"
4078,"Търън"
4079,"Уручевци"
4080,"Ухловица"
4081,"Фабрика"
4082,"Фатово"
4083,"Хасовица"
4084,"Хвойна"
4085,"Цацаровци"
4086,"Цирка"
4087,"Црънча"
4088,"Чавдар"
4089,"Чала"
4090,"Чамла"
4091,"Чепеларе"
4092,"Чепинци"
4093,"Чеплетен"
4094,"Черешките"
4095,"Черешово"
4096,"Черешовска река"
4097,"Чокманово"
4098,"Чурка"
4099,"Чуруково"
4100,"Чучур"
4101,"Шаренска"
4102,"Широка лъка"
4103,"Ягодина"
4104,"Балша"
4105,"Банкя"
4106,"Бистрица"
4107,"Бусманци"
4108,"Бухово"
4109,"Владая"
4110,"Войнеговци"
4111,"Волуяк"
4112,"Герман"
4113,"Горни Богров"
4114,"Доброславци"
4115,"Долни Богров"
4116,"Долни Пасарел"
4117,"Железница"
4118,"Желява"
4119,"Житен"
4120,"Иваняне"
4121,"Казичене"
4122,"Клисура"
4123,"Кокаляне"
4124,"Кривина"
4125,"Кубратово"
4126,"Кътина"
4127,"Лозен"
4128,"Локорско"
4129,"Мало Бучино"
4130,"Мировяне"
4131,"Мрамор"
4132,"Мърчаево"
4133,"Негован"
4134,"Нови Искър"
4135,"Панчарево"
4136,"Плана"
4137,"Подгумер"
4138,"Световрачене"
4139,"София"
4140,"Чепинци"
4141,"Яна"
4142,"Алдомировци"
4143,"Алино"
4144,"Антон"
4145,"Априлово"
4146,"Байлово"
4147,"Бакьово"
4148,"Бальовци"
4149,"Банчовци"
4150,"Батулия"
4151,"Бахалин"
4152,"Безден"
4153,"Бели Искър"
4154,"Белопопци"
4155,"Белчин"
4156,"Белчински бани"
4157,"Бенковски"
4158,"Беренде"
4159,"Беренде извор"
4160,"Бов"
4161,"Бов"
4162,"Богданлия"
4163,"Богдановци"
4164,"Богьовци"
4165,"Боерица"
4166,"Боженица"
4167,"Божурище"
4168,"Бойковец"
4169,"Борика"
4170,"Ботевград"
4171,"Бракьовци"
4172,"Братушково"
4173,"Брезе"
4174,"Брезовдол"
4175,"Брестака"
4176,"Брусен"
4177,"Бузяковци"
4178,"Буковец"
4179,"Букоровци"
4180,"Буново"
4181,"Бучин проход"
4182,"Бърдо"
4183,"Бърложница"
4184,"Бърля"
4185,"Вакарел"
4186,"Василовци"
4187,"Венковец"
4188,"Веринско"
4189,"Видраре"
4190,"Вишан"
4191,"Владиславци"
4192,"Владо Тричков"
4193,"Врачеш"
4194,"Връдловци"
4195,"Върбница"
4196,"Габер"
4197,"Габра"
4198,"Габровница"
4199,"Гайтанево"
4200,"Гинци"
4201,"Говедарци"
4202,"Годеч"
4203,"Голак"
4204,"Голема Раковица"
4205,"Големо Малово"
4206,"Голеш"
4207,"Голяновци"
4208,"Горна Василица"
4209,"Горна Малина"
4210,"Горни Окол"
4211,"Горно Камарци"
4212,"Горно село"
4213,"Горунака"
4214,"Градец"
4215,"Григорево"
4216,"Гроздьовци"
4217,"Грълска падина"
4218,"Губеш"
4219,"Губислав"
4220,"Гургулят"
4221,"Гурково"
4222,"Гурмазово"
4223,"Гуцал"
4224,"Гълъбовци"
4225,"Делян"
4226,"Джамузовци"
4227,"Джурово"
4228,"Добравица"
4229,"Добърчин"
4230,"Доганово"
4231,"Долна баня"
4232,"Долна Василица"
4233,"Долна Малина"
4234,"Долна Невля"
4235,"Долни Окол"
4236,"Долно Камарци"
4237,"Долно Ново село"
4238,"Доспей"
4239,"Драговищица"
4240,"Драгоил"
4241,"Драгоман"
4242,"Драготинци"
4243,"Драгушиново"
4244,"Дреатин"
4245,"Дреново"
4246,"Дружево"
4247,"Дръмша"
4248,"Душанци"
4249,"Еленов дол"
4250,"Елешница"
4251,"Елин Пелин"
4252,"Елин Пелин"
4253,"Елов дол"
4254,"Етрополе"
4255,"Желен"
4256,"Живково"
4257,"Завидовци"
4258,"Заноге"
4259,"Заселе"
4260,"Зимевица"
4261,"Златица"
4262,"Златуша"
4263,"Злокучене"
4264,"Извор"
4265,"Илинден"
4266,"Искрец"
4267,"Ихтиман"
4268,"Каленовци"
4269,"Калотина"
4270,"Калугерово"
4271,"Камбелевци"
4272,"Каменица"
4273,"Караполци"
4274,"Карлиево"
4275,"Клисура"
4276,"Ковачевци"
4277,"Комщица"
4278,"Копривщица"
4279,"Костадинкино"
4280,"Костенец"
4281,"Костенец"
4282,"Костинброд"
4283,"Краево"
4284,"Круша"
4285,"Крушовица"
4286,"Лакатник"
4287,"Лакатник"
4288,"Левище"
4289,"Лесковдол"
4290,"Лесново"
4291,"Летница"
4292,"Липинци"
4293,"Липница"
4294,"Лисец"
4295,"Литаково"
4296,"Лопушня"
4297,"Лопян"
4298,"Луково"
4299,"Лъга"
4300,"Любница"
4301,"Маджаре"
4302,"Макоцево"
4303,"Мала Раковица"
4304,"Мала църква"
4305,"Малки Искър"
4306,"Мало Малово"
4307,"Манаселска река"
4308,"Манастирище"
4309,"Марица"
4310,"Мечковци"
4311,"Миланово"
4312,"Мирково"
4313,"Мирово"
4314,"Мургаш"
4315,"Мусачево"
4316,"Мухово"
4317,"Начево"
4318,"Негушево"
4319,"Неделище"
4320,"Нейкьовец"
4321,"Несла"
4322,"Новачене"
4323,"Нови хан"
4324,"Ново бърдо"
4325,"Ново село"
4326,"Огняново"
4327,"Огоя"
4328,"Опицвет"
4329,"Оплетня"
4330,"Оселна"
4331,"Осеновлаг"
4332,"Осиковица"
4333,"Осиковска Лакавица"
4334,"Осоица"
4335,"Очуша"
4336,"Пановци"
4337,"Пауново"
4338,"Петково"
4339,"Петрич"
4340,"Петърч"
4341,"Пирдоп"
4342,"Пищане"
4343,"Плъзище"
4344,"Повалиръж"
4345,"Подгорие"
4346,"Пожарево"
4347,"Полянци"
4348,"Понор"
4349,"Поповци"
4350,"Поповяне"
4351,"Потоп"
4352,"Правец"
4353,"Правешка Лакавица"
4354,"Прекръсте"
4355,"Преспа"
4356,"Продановци"
4357,"Пролеша"
4358,"Пчелин"
4359,"Равна"
4360,"Равнище"
4361,"Равно поле"
4362,"Радотина"
4363,"Радуил"
4364,"Радуловци"
4365,"Разбоище"
4366,"Разлив"
4367,"Райово"
4368,"Ракита"
4369,"Рашково"
4370,"Раяновци"
4371,"Реброво"
4372,"Редина"
4373,"Рельово"
4374,"Рибарица"
4375,"Ропот"
4376,"Росоман"
4377,"Ръжана"
4378,"Самоков"
4379,"Саранци"
4380,"Свидня"
4381,"Своге"
4382,"Своде"
4383,"Селянин"
4384,"Скравена"
4385,"Сливница"
4386,"Смолско"
4387,"Смолча"
4388,"Средищна"
4389,"Стамболово"
4390,"Станинци"
4391,"Столник"
4392,"Стъргел"
4393,"Суевци"
4394,"Табан"
4395,"Томпсън"
4396,"Трудовец"
4397,"Туден"
4398,"Хвърчил"
4399,"Хераково"
4400,"Храбърско"
4401,"Царичина"
4402,"Цацаровци"
4403,"Церецел"
4404,"Церово"
4405,"Цръклевци"
4406,"Църквище"
4407,"Чавдар"
4408,"Чеканец"
4409,"Чеканчево"
4410,"Челопеч"
4411,"Чепърлинци"
4412,"Черковище"
4413,"Черньово"
4414,"Чибаовци"
4415,"Чорул"
4416,"Чуковезер"
4417,"Чурек"
4418,"Шипочане"
4419,"Широки дол"
4420,"Шума"
4421,"Ябланица"
4422,"Ялботина"
4423,"Ямна"
4424,"Яребковица"
4425,"Ярлово"
4426,"Александрово"
4427,"Априлово"
4428,"Арнаутито"
4429,"Асен"
4430,"Бащино"
4431,"Бели бряг"
4432,"Бенковски"
4433,"Богомилово"
4434,"Боздуганово"
4435,"Борилово"
4436,"Борово"
4437,"Борущица"
4438,"Братя Даскалови"
4439,"Братя Кунчеви"
4440,"Брестова"
4441,"Бузовград"
4442,"Бъдеще"
4443,"Българене"
4444,"Бънзарето"
4445,"Бял извор"
4446,"Бяло поле"
4447,"Васил Левски"
4448,"Великово"
4449,"Венец"
4450,"Верен"
4451,"Ветрен"
4452,"Виден"
4453,"Винарово"
4454,"Воденичарово"
4455,"Воловарово"
4456,"Габарево"
4457,"Гита"
4458,"Главан"
4459,"Гледачево"
4460,"Голям дол"
4461,"Голямо Дряново"
4462,"Горно Белево"
4463,"Горно Ботево"
4464,"Горно Изворово"
4465,"Горно Ново село"
4466,"Горно Сахране"
4467,"Горно Черковище"
4468,"Гранит"
4469,"Гурково"
4470,"Гълъбово"
4471,"Даскал-Атанасово"
4472,"Дворище"
4473,"Димитриево"
4474,"Димовци"
4475,"Диня"
4476,"Долно Изворово"
4477,"Долно Ново село"
4478,"Долно Сахране"
4479,"Дунавци"
4480,"Дъбово"
4481,"Дълбоки"
4482,"Държава"
4483,"Държавен"
4484,"Едрево"
4485,"Еленино"
4486,"Елхово"
4487,"Елхово"
4488,"Енина"
4489,"Жерговец"
4490,"Жълтопоп"
4491,"Загоре"
4492,"Землен"
4493,"Зетьово"
4494,"Зимница"
4495,"Златирът"
4496,"Златна ливада"
4497,"Змейово"
4498,"Знаменосец"
4499,"Изворово"
4500,"Искрица"
4501,"Казанка"
4502,"Казанлък"
4503,"Калитиново"
4504,"Калояновец"
4505,"Кирилово"
4506,"Княжевско"
4507,"Ковач"
4508,"Ковачево"
4509,"Козаревец"
4510,"Коларово"
4511,"Колена"
4512,"Колю-Мариново"
4513,"Конаре"
4514,"Константиновец"
4515,"Копринка"
4516,"Кравино"
4517,"Крън"
4518,"Кънчево"
4519,"Ловец"
4520,"Лозен"
4521,"Любеново"
4522,"Люляк"
4523,"Лява река"
4524,"Лясково"
4525,"Маджерито"
4526,"Малка Верея"
4527,"Малко Дряново"
4528,"Малко Кадиево"
4529,"Малко Тръново"
4530,"Манолово"
4531,"Марково"
4532,"Маца"
4533,"Медникарово"
4534,"Медово"
4535,"Мирово"
4536,"Михайлово"
4537,"Могила"
4538,"Могилово"
4539,"Мусачево"
4540,"Мъглиж"
4541,"Мъдрец"
4542,"Найденово"
4543,"Николаево"
4544,"Нова махала"
4545,"Ново село"
4546,"Обручище"
4547,"Овощник"
4548,"Овчарци"
4549,"Опан"
4550,"Опълченец"
4551,"Оризово"
4552,"Оряховица"
4553,"Осетеново"
4554,"Осларка"
4555,"Остра могила"
4556,"Павел баня"
4557,"Памукчии"
4558,"Паничерево"
4559,"Партизанин"
4560,"Петрово"
4561,"Плодовитово"
4562,"Плоска могила"
4563,"Подслон"
4564,"Полски Градец"
4565,"Помощник"
4566,"Православ"
4567,"Преславен"
4568,"Пряпорец"
4569,"Пчелиново"
4570,"Пшеничево"
4571,"Пъстрен"
4572,"Пъстрово"
4573,"Раднево"
4574,"Радунци"
4575,"Разделна"
4576,"Ракитница"
4577,"Рисиманово"
4578,"Розово"
4579,"Руманя"
4580,"Рупките"
4581,"Ръжена"
4582,"с.Малък дол"
4583,"Самуилово"
4584,"Свобода"
4585,"Свободен"
4586,"Селце"
4587,"Скобелево"
4588,"Славянин"
4589,"Сладък кладенец"
4590,"Сливито"
4591,"Спасово"
4592,"Средец"
4593,"Средно градище"
4594,"Средногорово"
4595,"Стара Загора"
4596,"Старозагорски бани"
4597,"Столетово"
4598,"Стоян-Заимово"
4599,"Стрелец"
4600,"Сулица"
4601,"Съединение"
4602,"Сърневец"
4603,"Сърнево"
4604,"Тихомирово"
4605,"Тополяне"
4606,"Тракия"
4607,"Трояново"
4608,"Трънково"
4609,"Тулово"
4610,"Турия"
4611,"Тъжа"
4612,"Търничени"
4613,"Хаджидимитрово"
4614,"Хан Аспарухово"
4615,"Християново"
4616,"Хрищени"
4617,"Целина"
4618,"Ценово"
4619,"Черганово"
4620,"Черна гора"
4621,"Чирпан"
4622,"Шаново"
4623,"Шейново"
4624,"Шипка"
4625,"Юлиево"
4626,"Яворовец"
4627,"Яворово"
4628,"Ягода"
4629,"Яздач"
4630,"Ясеново"
4631,"Ястребово"
4632,"Алваново"
4633,"Александрово"
4634,"Антоново"
4635,"Априлово"
4636,"Баба Тонка"
4637,"Банковец"
4638,"Баячево"
4639,"Беломорци"
4640,"Берковски"
4641,"Бистра"
4642,"Богомолско"
4643,"Божурка"
4644,"Бостан"
4645,"Бракница"
4646,"Братово"
4647,"Букак"
4648,"Буховци"
4649,"Българаново"
4650,"Вардун"
4651,"Васил Левски"
4652,"Великденче"
4653,"Великовци"
4654,"Величка"
4655,"Вельово"
4656,"Веренци"
4657,"Веселец"
4658,"Висок"
4659,"Водица"
4660,"Врани кон"
4661,"Гагово"
4662,"Глашатай"
4663,"Глогинка"
4664,"Голямо Градище"
4665,"Голямо Доляне"
4666,"Голямо Соколово"
4667,"Голямо църквище"
4668,"Горица"
4669,"Горна Златица"
4670,"Горна Кабда"
4671,"Горна Хубавка"
4672,"Горно Козарево"
4673,"Горно Новково"
4674,"Горско Абланово"
4675,"Горско село"
4676,"Градинка"
4677,"Греевци"
4678,"Гърчиново"
4679,"Давидово"
4680,"Девино"
4681,"Длъжка поляна"
4682,"Добротица"
4683,"Долец"
4684,"Долна Златица"
4685,"Долна Кабда"
4686,"Долна Хубавка"
4687,"Долно Козарево"
4688,"Долно Новково"
4689,"Драгановец"
4690,"Дриново"
4691,"Дъбравица"
4692,"Дългач"
4693,"Еленово"
4694,"Железари"
4695,"Заветно"
4696,"Зараево"
4697,"Захари Стояново"
4698,"Звезда"
4699,"Звездица"
4700,"Здравец"
4701,"Зелена морава"
4702,"Змейно"
4703,"Иванча"
4704,"Изворово"
4705,"Илийно"
4706,"Калнище"
4707,"Камбурово"
4708,"Капище"
4709,"Кардам"
4710,"Кестеново"
4711,"Китино"
4712,"Ковачевец"
4713,"Козица"
4714,"Козма Презвитер"
4715,"Конак"
4716,"Коноп"
4717,"Копрец"
4718,"Крайполе"
4719,"Кралево"
4720,"Красноселци"
4721,"Крепча"
4722,"Крушолак"
4723,"Къпинец"
4724,"Кьосевци"
4725,"Лиляк"
4726,"Ловец"
4727,"Ломци"
4728,"Любичево"
4729,"Люблен"
4730,"Макариополско"
4731,"Малка Черковна"
4732,"Малко църквище"
4733,"Малоградец"
4734,"Манастирица"
4735,"Манушевци"
4736,"Марчино"
4737,"Медовина"
4738,"Мечово"
4739,"Милино"
4740,"Могилец"
4741,"Момино"
4742,"Моравица"
4743,"Моравка"
4744,"Надарево"
4745,"Обител"
4746,"Овчарово"
4747,"Омуртаг"
4748,"Опака"
4749,"Орач"
4750,"Осен"
4751,"Осиково"
4752,"Острец"
4753,"Пайдушко"
4754,"Паламарца"
4755,"Панайот Хитово"
4756,"Паничино"
4757,"Певец"
4758,"Петрино"
4759,"Пиринец"
4760,"Плъстина"
4761,"Подгорица"
4762,"Помощица"
4763,"Попово"
4764,"Поройно"
4765,"Посабина"
4766,"Преселец"
4767,"Пресиян"
4768,"Присойна"
4769,"Пробуда"
4770,"Пролаз"
4771,"Птичево"
4772,"Пчелно"
4773,"Пъдарино"
4774,"Първан"
4775,"Равно село"
4776,"Разбойна"
4777,"Разделци"
4778,"Ралица"
4779,"Росица"
4780,"Руец"
4781,"Рътлина"
4782,"Садина"
4783,"Светлен"
4784,"Свирчово"
4785,"Свободица"
4786,"Семерци"
4787,"Славяново"
4788,"Слънчовец"
4789,"Средище"
4790,"Станец"
4791,"Стара речка"
4792,"Старчище"
4793,"Стеврек"
4794,"Стойново"
4795,"Стража"
4796,"Стройновци"
4797,"Съединение"
4798,"Таймише"
4799,"Тиховец"
4800,"Трескавец"
4801,"Тръстика"
4802,"Тъпчилещово"
4803,"Търговище"
4804,"Търновца"
4805,"Угледно"
4806,"Халваджийско"
4807,"Цар Асен"
4808,"Царевци"
4809,"Цветница"
4810,"Церовище"
4811,"Чеканци"
4812,"Черковна"
4813,"Черна вода"
4814,"Черни бряг"
4815,"Чернокапци"
4816,"Шишковица"
4817,"Язовец"
4818,"Яребично"
4819,"Ястребино"
4820,"Александрово"
4821,"Ангел войвода"
4822,"Балкан"
4823,"Бели дол"
4824,"Белица"
4825,"Белополци"
4826,"Белополяне"
4827,"Бисер"
4828,"Богомил"
4829,"Бодрово"
4830,"Болярски извор"
4831,"Бориславци"
4832,"Ботурче"
4833,"Боян Ботево"
4834,"Браница"
4835,"Брод"
4836,"Брусевци"
4837,"Брусино"
4838,"Брягово"
4839,"Бряст"
4840,"Брястово"
4841,"Бубино"
4842,"Българин"
4843,"Българска поляна"
4844,"Бял кладенец"
4845,"Бялградец"
4846,"Варник"
4847,"Васково"
4848,"Великан"
4849,"Ветрушка"
4850,"Винево"
4851,"Вис"
4852,"Владимирово"
4853,"Воден"
4854,"Воденци"
4855,"Войводенец"
4856,"Войводово"
4857,"Въгларово"
4858,"Вълче поле"
4859,"Върбица"
4860,"Върбово"
4861,"Габерово"
4862,"Гарваново"
4863,"Генералово"
4864,"Георги-Добрево"
4865,"Гледка"
4866,"Глумово"
4867,"Гнездаре"
4868,"Големанци"
4869,"Голобрадово"
4870,"Голям извор"
4871,"Голяма долина"
4872,"Голямо Асеново"
4873,"Горни Главанак"
4874,"Горно Войводино"
4875,"Горно Луково"
4876,"Горно поле"
4877,"Горноселци"
4878,"Горски извор"
4879,"Горско"
4880,"Гугутка"
4881,"Гълъбец"
4882,"Дервишка могила"
4883,"Димитровград"
4884,"Димитровче"
4885,"Динево"
4886,"Длъгнево"
4887,"Добрич"
4888,"Доброселец"
4889,"Долни Главанак"
4890,"Долно Белево"
4891,"Долно Ботево"
4892,"Долно Войводино"
4893,"Долно Големанци"
4894,"Долно Луково"
4895,"Долно поле"
4896,"Долно Съдиево"
4897,"Долно черковище"
4898,"Долноселци"
4899,"Доситеево"
4900,"Драбишна"
4901,"Дрипчево"
4902,"Дряново"
4903,"Дъбовец"
4904,"Елена"
4905,"Ефрем"
4906,"Железари"
4907,"Железино"
4908,"Жълти бряг"
4909,"Здравец"
4910,"Зимовина"
4911,"Златополе"
4912,"Златоустово"
4913,"Зорница"
4914,"Ивайловград"
4915,"Иваново"
4916,"Изворово"
4917,"Йерусалимово"
4918,"Казак"
4919,"Калугерово"
4920,"Каменна река"
4921,"Камилски дол"
4922,"Капитан Андреево"
4923,"Капитан Петко войвода"
4924,"Караманци"
4925,"Карловско"
4926,"Каснаково"
4927,"Кладенец"
4928,"Клокотница"
4929,"Книжовник"
4930,"Княжево"
4931,"Кобилино"
4932,"Козлец"
4933,"Коларово"
4934,"Колец"
4935,"Кондово"
4936,"Конници"
4937,"Константиново"
4938,"Конуш"
4939,"Корен"
4940,"Костилково"
4941,"Костур"
4942,"Кралево"
4943,"Крепост"
4944,"Криво поле"
4945,"Крум"
4946,"Ламбух"
4947,"Левка"
4948,"Ленско"
4949,"Лешниково"
4950,"Лисово"
4951,"Лозен"
4952,"Любеново"
4953,"Любимец"
4954,"Лясковец"
4955,"Маджари"
4956,"Маджарово"
4957,"Малево"
4958,"Малки Воден"
4959,"Малко Асеново"
4960,"Малко Брягово"
4961,"Малко градище"
4962,"Малко Попово"
4963,"Малък извор"
4964,"Манастир"
4965,"Мандра"
4966,"Мандрица"
4967,"Маслиново"
4968,"Маточина"
4969,"Меден бук"
4970,"Мезек"
4971,"Меричлери"
4972,"Минерални бани"
4973,"Михалич"
4974,"Младиново"
4975,"Момино"
4976,"Момково"
4977,"Мрамор"
4978,"Мустрак"
4979,"Навъсен"
4980,"Надежден"
4981,"Николово"
4982,"Нова ливада"
4983,"Нова Надежда"
4984,"Овчарово"
4985,"Одринци"
4986,"Орешец"
4987,"Орешино"
4988,"Орешник"
4989,"Орлов дол"
4990,"Орлово"
4991,"Оряхово"
4992,"Остър камък"
4993,"Пашкул"
4994,"Пашово"
4995,"Планинец"
4996,"Планиново"
4997,"Плевун"
4998,"Подкрепа"
4999,"Покрован"
5000,"Поляново"
5001,"Поповец"
5002,"Попско"
5003,"Преславец"
5004,"Присадец"
5005,"Пчелари"
5006,"Пъстрогор"
5007,"Пъстроок"
5008,"Пътниково"
5009,"Пясъчево"
5010,"Рабово"
5011,"Равна гора"
5012,"Радиево"
5013,"Радовец"
5014,"Райкова могила"
5015,"Райново"
5016,"Рогозиново"
5017,"Родопи"
5018,"Розино"
5019,"Румелия"
5020,"Ръженово"
5021,"Сакарци"
5022,"Сборино"
5023,"Светлина"
5024,"Светлина"
5025,"Светослав"
5026,"Свиленград"
5027,"Свирачи"
5028,"Свирково"
5029,"Селска поляна"
5030,"Сеноклас"
5031,"Сив кладенец"
5032,"Сива река"
5033,"Силен"
5034,"Симеоновград"
5035,"Синапово"
5036,"Сираково"
5037,"Скобелево"
5038,"Славеево"
5039,"Славяново"
5040,"Сладун"
5041,"Смирненци"
5042,"Соколенци"
5043,"Спахиево"
5044,"Срем"
5045,"Сталево"
5046,"Стамболийски"
5047,"Стамболово"
5048,"Стойково"
5049,"Странско"
5050,"Студена"
5051,"Сусам"
5052,"Сърница"
5053,"Татарево"
5054,"Текето"
5055,"Тополовград"
5056,"Тополово"
5057,"Тракиец"
5058,"Троян"
5059,"Тънково"
5060,"Тянево"
5061,"Узунджово"
5062,"Устрем"
5063,"Филипово"
5064,"Харманли"
5065,"Хасково"
5066,"Хлябово"
5067,"Хухла"
5068,"Царева поляна"
5069,"Черепово"
5070,"Черна могила"
5071,"Черни рид"
5072,"Черничино"
5073,"Черногорово"
5074,"Чернодъб"
5075,"Чукарово"
5076,"Чучулига"
5077,"Широка поляна"
5078,"Шишманово"
5079,"Щит"
5080,"Ябълково"
5081,"Александрово"
5082,"Байково"
5083,"Беджене"
5084,"Белокопитово"
5085,"Благово"
5086,"Близнаци"
5087,"Божурово"
5088,"Борци"
5089,"Боян"
5090,"Браничево"
5091,"Буйновица"
5092,"Бял бряг"
5093,"Бяла река"
5094,"Васил Друмев"
5095,"Векилски"
5096,"Велики Преслав"
5097,"Велино"
5098,"Венец"
5099,"Веселиново"
5100,"Ветрище"
5101,"Вехтово"
5102,"Висока поляна"
5103,"Войвода"
5104,"Вълнари"
5105,"Върбак"
5106,"Върбица"
5107,"Върбяне"
5108,"Габрица"
5109,"Градище"
5110,"Гусла"
5111,"Денница"
5112,"Дибич"
5113,"Длъжко"
5114,"Добри Войниково"
5115,"Дойранци"
5116,"Долина"
5117,"Драгоево"
5118,"Дренци"
5119,"Друмево"
5120,"Единаковци"
5121,"Енево"
5122,"Желъд"
5123,"Живково"
5124,"Жилино"
5125,"Загориче"
5126,"Зайчино ореше"
5127,"Звегор"
5128,"Златар"
5129,"Златна нива"
5130,"Иваново"
5131,"Ивански"
5132,"Иглика"
5133,"Избул"
5134,"Изгрев"
5135,"Илия Блъсково"
5136,"Имренчево"
5137,"Калино"
5138,"Каменяк"
5139,"Каолиново"
5140,"Капитан Петко"
5141,"Каравелово"
5142,"Каспичан"
5143,"Каспичан"
5144,"Кладенец"
5145,"Климент"
5146,"Конево"
5147,"Коньовец"
5148,"Косово"
5149,"Костена река"
5150,"Кочово"
5151,"Крайгорци"
5152,"Красен дол"
5153,"Крива река"
5154,"Кълново"
5155,"Кьолмен"
5156,"Кюлевча"
5157,"Лиси връх"
5158,"Ловец"
5159,"Лозево"
5160,"Лятно"
5161,"Мадара"
5162,"Маломир"
5163,"Мараш"
5164,"Марково"
5165,"Менгишево"
5166,"Методиево"
5167,"Миланово"
5168,"Мировци"
5169,"Могила"
5170,"Мокреш"
5171,"Мостич"
5172,"Наум"
5173,"Никола Козлево"
5174,"Нова Бяла река"
5175,"Нови пазар"
5176,"Ново Янково"
5177,"Новосел"
5178,"Овчарово"
5179,"Омарчево"
5180,"Осеновец"
5181,"Осмар"
5182,"Памукчии"
5183,"Панайот-Волово"
5184,"Пет могили"
5185,"Писарево"
5186,"Плиска"
5187,"Правенци"
5188,"Преселка"
5189,"Пристое"
5190,"Радко Димитриево"
5191,"Развигорово"
5192,"Риш"
5193,"Ружица"
5194,"Салманово"
5195,"Сечище"
5196,"Сини вир"
5197,"Сливак"
5198,"Смядово"
5199,"Средковец"
5200,"Средня"
5201,"Стан"
5202,"Становец"
5203,"Станянци"
5204,"Стоян Михайловски"
5205,"Страхилица"
5206,"Струино"
5207,"Студеница"
5208,"Суха река"
5209,"Сушина"
5210,"Тервел"
5211,"Тимарево"
5212,"Тодор Икономово"
5213,"Трем"
5214,"Троица"
5215,"Тръница"
5216,"Тушовица"
5217,"Тъкач"
5218,"Хан Крум"
5219,"Хитрино"
5220,"Хърсово"
5221,"Цани Гинчево"
5222,"Царев брод"
5223,"Църквица"
5224,"Черенча"
5225,"Черна"
5226,"Черни връх"
5227,"Черноглавци"
5228,"Чернооково"
5229,"Шумен"
5230,"Янково"
5231,"Ясенково"
5232,"Александрово"
5233,"Асеново"
5234,"Атолово"
5235,"Безмер"
5236,"Богорово"
5237,"Болярово"
5238,"Болярско"
5239,"Борисово"
5240,"Ботево"
5241,"Бояджик"
5242,"Бояново"
5243,"Веселиново"
5244,"Видинци"
5245,"Воден"
5246,"Воденичане"
5247,"Войника"
5248,"Вълча поляна"
5249,"Вълчи извор"
5250,"Генерал Инзово"
5251,"Генерал Тошево"
5252,"Голям Дервент"
5253,"Голям манастир"
5254,"Голямо Крушево"
5255,"Горска поляна"
5256,"Гранитово"
5257,"Гълъбинци"
5258,"Денница"
5259,"Джинот"
5260,"Добрич"
5261,"Дражево"
5262,"Драма"
5263,"Дряново"
5264,"Дъбово"
5265,"Елхово"
5266,"Жребино"
5267,"Завой"
5268,"Зимница"
5269,"Златари"
5270,"Златиница"
5271,"Иглика"
5272,"Изгрев"
5273,"Иречеково"
5274,"Кабиле"
5275,"Калчево"
5276,"Камен връх"
5277,"Каменец"
5278,"Каравелово"
5279,"Кирилово"
5280,"Козарево"
5281,"Коневец"
5282,"Крайново"
5283,"Крумово"
5284,"Кукорево"
5285,"Лалково"
5286,"Лесово"
5287,"Леярово"
5288,"Лозенец"
5289,"Люлин"
5290,"Маленово"
5291,"Малко Кирилово"
5292,"Малко Шарково"
5293,"Маломир"
5294,"Маломирово"
5295,"Малък манастир"
5296,"Мамарчево"
5297,"Меден кладенец"
5298,"Межда"
5299,"Мелница"
5300,"Миладиновци"
5301,"Могила"
5302,"Недялско"
5303,"Овчи кладенец"
5304,"Окоп"
5305,"Оман"
5306,"Палаузово"
5307,"Победа"
5308,"Поляна"
5309,"Попово"
5310,"Правдино"
5311,"Пчела"
5312,"Първенец"
5313,"Раздел"
5314,"Робово"
5315,"Роза"
5316,"Ружица"
5317,"Савино"
5318,"Саранско"
5319,"Симеоново"
5320,"Ситово"
5321,"Скалица"
5322,"Славейково"
5323,"Сламино"
5324,"Стара река"
5325,"Стефан-Караджово"
5326,"Стралджа"
5327,"Странджа"
5328,"Стройно"
5329,"Тамарино"
5330,"Тенево"
5331,"Трънково"
5332,"Търнава"
5333,"Хаджидимитрово"
5334,"Ханово"
5335,"Чарган"
5336,"Чарда"
5337,"Челник"
5338,"Чернозем"
5339,"Шарково"
5340,"Ямбол"
